ProductionRunID,DateKey,ProductID,LineID,PlannedProductionTime_h,RunTime_h,StandardCycleTime_h,GoodUnits,ScrapUnits,ReworkUnits,ChangeoverTime_min,TotalUnits,PeriodKey,Availability,Performance,Quality,OEE
PR00001,20240101,P1,L1,12,11.291,0.008333,1284,54,22,0,1360,202401,0.9409166666666667,1.0,0.9441176470588235,0.8883360294117647
PR00002,20240102,P1,L1,12,10.73,0.008333,1219,35,10,30,1264,202401,0.8941666666666667,0.9816320596458527,0.9643987341772152,0.8464939166666666
PR00003,20240103,P1,L1,8,6.481,0.008333,689,35,13,45,737,202401,0.810125,0.9476039191482797,0.9348710990502035,0.717679625
PR00004,20240104,P1,L1,8,7.387,0.008333,818,34,16,0,868,202401,0.923375,0.979158521727359,0.9423963133640553,0.85204925
PR00005,20240105,P1,L1,12,11.351,0.008333,1260,24,19,0,1303,202401,0.9459166666666667,0.9565588053915953,0.9669992325402916,0.874965
PR00006,20240107,P1,L1,12,11.763,0.008333,1258,49,9,0,1316,202401,0.98025,0.9322645583609624,0.9559270516717325,0.8735761666666667
PR00007,20240108,P1,L1,8,6.733,0.008333,762,22,10,45,794,202401,0.841625,0.9826826080499035,0.9596977329974811,0.79371825
PR00008,20240109,P1,L1,8,7.305,0.008333,819,30,11,30,860,202401,0.913125,0.9810239561943874,0.9523255813953488,0.853090875
PR00009,20240110,P1,L1,12,11.686,0.008333,1256,58,11,0,1324,202401,0.9738333333333333,0.9441119288036968,0.9486404833836858,0.8721873333333334
PR00010,20240112,P1,L1,8,6.568,0.008333,737,20,13,45,769,202401,0.821,0.9756511875761268,0.9583875162548765,0.7676776250000001
PR00011,20240116,P1,L1,12,11.717,0.008333,1316,38,14,0,1368,202401,0.9764166666666667,0.9729063753520526,0.9619883040935673,0.9138523333333335
PR00012,20240117,P1,L1,12,11.925,0.008333,1346,65,21,0,1433,202401,0.99375,1.0,0.939288206559665,0.9334176552686672
PR00013,20240118,P1,L1,16,15.188,0.008333,1662,23,31,30,1716,202401,0.94925,0.9414951277324204,0.9685314685314685,0.865590375
PR00014,20240119,P1,L1,8,7.427,0.008333,836,35,13,0,884,202401,0.928375,0.9918368116332302,0.9457013574660633,0.8707985
PR00015,20240122,P1,L1,12,11.834,0.008333,1310,31,9,0,1351,202401,0.9861666666666666,0.9513167990535745,0.9696521095484826,0.9096858333333333
PR00016,20240124,P1,L1,8,7.817,0.008333,884,10,17,0,911,202401,0.977125,0.9711350901880517,0.9703622392974753,0.9207965
PR00017,20240125,P1,L1,16,14.75,0.008333,1685,57,20,30,1763,202401,0.921875,0.9960053559322034,0.9557572319909245,0.8775690625
PR00018,20240126,P1,L1,12,11.704,0.008333,1306,63,9,0,1378,202401,0.9753333333333334,0.9811068010936432,0.9477503628447025,0.9069081666666667
PR00019,20240129,P1,L1,8,6.736,0.008333,701,34,6,45,741,202401,0.842,0.9166794833729216,0.9460188933873145,0.730179125
PR00020,20240131,P1,L1,12,11.796,0.008333,1365,30,17,0,1413,202401,0.983,0.9981798067141404,0.9660297239915074,0.94787875
PR00021,20240201,P1,L1,16,14.922,0.008333,1691,81,27,30,1799,202402,0.932625,1.0,0.9399666481378544,0.8766363952195665
PR00022,20240202,P1,L1,16,14.734,0.008333,1654,42,11,45,1707,202402,0.920875,0.9654154336907833,0.9689513766842414,0.8614238750000001
PR00023,20240203,P1,L1,16,15.137,0.008333,1631,29,23,45,1683,202402,0.9460625,0.9265005615379533,0.9691027926322044,0.8494451875000001
PR00024,20240204,P1,L1,12,10.839,0.008333,1175,13,10,30,1197,202402,0.90325,0.9202510379186272,0.9816207184628237,0.8159395833333333
PR00025,20240205,P1,L1,12,11.207,0.008333,1258,23,21,45,1302,202402,0.9339166666666667,0.9681061836352278,0.9662058371735791,0.8735761666666666
PR00026,20240206,P1,L1,16,14.573,0.008333,1600,36,20,60,1656,202402,0.9108125,0.9469188224799286,0.966183574879227,0.8332999999999999
PR00027,20240207,P1,L1,16,15.631,0.008333,1719,63,11,0,1793,202402,0.9769375,0.9558613652357495,0.958728388176241,0.8952766875
PR00028,20240208,P1,L1,12,9.128,0.008333,1035,31,17,60,1083,202402,0.7606666666666667,0.9886764899211219,0.9556786703601108,0.7187212500000001
PR00029,20240211,P1,L1,8,6.634,0.008333,740,20,8,60,767,202402,0.82925,0.9634324690985829,0.9647979139504563,0.7708025
PR00030,20240212,P1,L1,12,11.932,0.008333,1267,53,22,0,1341,202402,0.9943333333333334,0.9365196949379818,0.9448173005219985,0.8798259166666668
PR00031,20240215,P1,L1,8,6.739,0.008333,782,13,7,0,802,202402,0.842375,0.9916999554830094,0.9750623441396509,0.81455075
PR00032,20240216,P1,L1,8,7.656,0.008333,803,28,12,0,843,202402,0.957,0.9175442789968653,0.9525504151838672,0.8364248750000001
PR00033,20240219,P1,L1,16,15.776,0.008333,1709,35,23,0,1767,202402,0.986,0.9333424822515213,0.9671760045274477,0.8900685625
PR00034,20240220,P1,L1,8,7.849,0.008333,913,13,16,0,942,202402,0.981125,1.0,0.9692144373673036,0.9509205148619958
PR00035,20240221,P1,L1,16,15.218,0.008333,1744,27,23,30,1794,202402,0.951125,0.9823499802865029,0.9721293199554069,0.908297
PR00036,20240222,P1,L1,16,15.484,0.008333,1690,27,21,30,1737,202402,0.96775,0.9347985662619478,0.9729418537708693,0.8801731249999999
PR00037,20240223,P1,L1,8,7.908,0.008333,853,33,8,0,895,202402,0.9885,0.9431000252908447,0.9530726256983241,0.888506125
PR00038,20240224,P1,L1,12,10.326,0.008333,1138,50,15,45,1203,202402,0.8605,0.9708114468332365,0.9459684123025769,0.7902461666666667
PR00039,20240226,P1,L1,16,14.86,0.008333,1570,56,10,60,1636,202402,0.92875,0.9174150740242262,0.9596577017114915,0.817675625
PR00040,20240227,P1,L1,8,6.913,0.008333,779,27,13,60,819,202402,0.864125,0.9872308693765369,0.9511599511599511,0.811425875
PR00041,20240228,P1,L1,16,15.573,0.008333,1755,30,24,0,1809,202402,0.9733125,0.9679828549412444,0.9701492537313433,0.9140259374999999
PR00042,20240229,P1,L1,12,10.727,0.008333,1174,41,22,45,1238,202402,0.8939166666666667,0.9617091451477581,0.9483037156704361,0.8152451666666667
PR00043,20240304,P1,L1,12,11.742,0.008333,1326,56,12,0,1394,202403,0.9785,0.9892864929313574,0.9512195121951219,0.9207964999999998
PR00044,20240305,P1,L1,12,10.631,0.008333,1168,30,19,60,1217,202403,0.8859166666666667,0.9539329319913461,0.9597370583401807,0.8110786666666666
PR00045,20240306,P1,L1,16,15.515,0.008333,1770,71,34,0,1875,202403,0.9696875,1.0,0.944,0.915385
PR00046,20240308,P1,L1,12,11.203,0.008333,1177,34,20,45,1232,202403,0.9335833333333333,0.9163845398553959,0.9553571428571429,0.8173284166666668
PR00047,20240311,P1,L1,12,11.39,0.008333,1292,61,12,0,1365,202403,0.9491666666666667,0.9986431079894643,0.9465201465201465,0.8971863333333332
PR00048,20240312,P1,L1,8,6.537,0.008333,694,14,5,60,713,202403,0.817125,0.9088923053388405,0.9733520336605891,0.72288775
PR00049,20240313,P1,L1,8,7.698,0.008333,822,10,12,0,843,202403,0.96225,0.9125381917381138,0.9750889679715302,0.8562157499999999
PR00050,20240314,P1,L1,8,7.224,0.008333,818,35,13,45,865,202403,0.903,0.9977913898117386,0.945664739884393,0.85204925
PR00051,20240315,P1,L1,8,7.286,0.008333,816,30,14,30,860,202403,0.91075,0.9835822124622564,0.9488372093023256,0.8499660000000001
PR00052,20240317,P1,L1,8,6.766,0.008333,709,25,4,30,739,202403,0.84575,0.9101517883535324,0.959404600811908,0.7385121250000001
PR00053,20240318,P1,L1,16,15.206,0.008333,1752,51,29,0,1833,202403,0.950375,1.0,0.955810147299509,0.9083780687397708
PR00054,20240319,P1,L1,12,11.455,0.008333,1259,50,19,0,1327,202403,0.9545833333333333,0.9653331296377128,0.948756593820648,0.8742705833333333
PR00055,20240320,P1,L1,8,7.124,0.008333,767,12,7,30,786,202403,0.8905,0.9193905109489052,0.9758269720101781,0.7989263750000001
PR00056,20240321,P1,L1,12,10.966,0.008333,1210,23,17,30,1250,202403,0.9138333333333333,0.9498677731169068,0.968,0.8402441666666667
PR00057,20240322,P1,L1,8,7.671,0.008333,847,29,13,0,889,202403,0.958875,0.9657198539955677,0.952755905511811,0.882256375
PR00058,20240325,P1,L1,16,14.637,0.008333,1588,50,25,30,1663,202403,0.9148125,0.946763612762178,0.9549007817197835,0.8270502500000001
PR00059,20240326,P1,L1,16,14.851,0.008333,1582,72,20,45,1674,202403,0.9281875,0.9392931115749781,0.945041816009558,0.823925375
PR00060,20240329,P1,L1,8,7.669,0.008333,820,34,4,0,859,202403,0.958625,0.9333742339288043,0.9545983701979045,0.8541325
PR00061,20240330,P1,L1,12,11.222,0.008333,1196,61,24,0,1280,202403,0.9351666666666666,0.9504758510069506,0.934375,0.8305223333333333
PR00062,20240331,P1,L1,12,11.411,0.008333,1211,23,16,30,1249,202403,0.9509166666666666,0.9120950836911752,0.9695756605284227,0.8409385833333333
PR00063,20240401,P1,L1,8,6.721,0.008333,748,39,5,30,792,202404,0.840125,0.9819574468085106,0.9444444444444444,0.7791355
PR00064,20240402,P1,L1,12,10.415,0.008333,1159,19,9,30,1187,202404,0.8679166666666666,0.9497139702352377,0.9764111204717776,0.8048289166666667
PR00065,20240403,P1,L1,8,7.412,0.008333,822,25,5,30,853,202404,0.9265,0.9589920399352402,0.9636576787807737,0.8562157499999999
PR00066,20240404,P1,L1,16,14.748,0.008333,1693,21,18,45,1732,202404,0.92175,0.9786246270680771,0.9774826789838337,0.8817355625
PR00067,20240405,P1,L1,12,10.696,0.008333,1216,38,23,45,1276,202404,0.8913333333333333,0.9941013462976814,0.9529780564263323,0.8444106666666666
PR00068,20240407,P1,L1,12,11.728,0.008333,1334,49,10,0,1393,202404,0.9773333333333333,0.9897569065484312,0.9576453697056713,0.9263518333333334
PR00069,20240408,P1,L1,8,7.133,0.008333,767,27,4,30,798,202404,0.891625,0.9322492639842984,0.9611528822055138,0.7989263750000001
PR00070,20240409,P1,L1,16,15.019,0.008333,1631,69,30,30,1730,202404,0.9386875,0.9598568479925428,0.9427745664739884,0.8494451875
PR00071,20240410,P1,L1,16,15.671,0.008333,1766,50,23,0,1840,202404,0.9794375,0.9784136302724779,0.9597826086956521,0.919754875
PR00072,20240411,P1,L1,16,15.116,0.008333,1713,42,12,45,1767,202404,0.94475,0.9740944032812914,0.969439728353141,0.8921518125000001
PR00073,20240413,P1,L1,16,15.0,0.008333,1725,23,23,30,1772,202404,0.9375,0.9844050666666667,0.9734762979683973,0.8984015625
PR00074,20240414,P1,L1,16,15.421,0.008333,1621,62,25,0,1709,202404,0.9638125,0.9234872576356916,0.9485078993563487,0.8442370625
PR00075,20240415,P1,L1,16,15.875,0.008333,1694,61,30,0,1785,202404,0.9921875,0.9369703937007874,0.9490196078431372,0.882256375
PR00076,20240417,P1,L1,12,10.412,0.008333,1177,23,21,60,1221,202404,0.8676666666666667,0.9771987130234344,0.963963963963964,0.8173284166666666
PR00077,20240418,P1,L1,16,15.701,0.008333,1663,79,13,0,1755,202404,0.9813125,0.9314320743901663,0.9475783475783476,0.8661111875
PR00078,20240421,P1,L1,16,15.525,0.008333,1685,88,26,0,1799,202404,0.9703125,0.9656081803542673,0.9366314619232907,0.8775690625000001
PR00079,20240422,P1,L1,12,11.697,0.008333,1293,17,10,0,1320,202404,0.9747499999999999,0.9403744549884587,0.9795454545454545,0.89788075
PR00080,20240424,P1,L1,12,10.057,0.008333,1131,37,10,60,1178,202404,0.8380833333333334,0.9760638361340359,0.9601018675721562,0.78538525
PR00081,20240425,P1,L1,8,7.418,0.008333,832,29,12,30,873,202404,0.92725,0.9806833378269075,0.9530355097365406,0.8666320000000001
PR00082,20240426,P1,L1,8,6.251,0.008333,672,23,11,60,706,202404,0.781375,0.9411450967845145,0.9518413597733711,0.699972
PR00083,20240427,P1,L1,12,10.285,0.008333,1161,50,9,45,1220,202404,0.8570833333333333,0.9884550315994165,0.9516393442622951,0.80621775
PR00084,20240430,P1,L1,16,15.474,0.008333,1806,26,10,0,1842,202404,0.967125,0.99194687863513,0.9804560260586319,0.940587375
PR00085,20240501,P1,L1,8,7.814,0.008333,836,12,9,0,857,202405,0.97675,0.9139212951113386,0.9754959159859977,0.8707985
PR00086,20240503,P1,L1,8,6.876,0.008333,732,11,13,30,756,202405,0.8595,0.9161937172774869,0.9682539682539683,0.7624695
PR00087,20240506,P1,L1,12,10.571,0.008333,1145,27,10,45,1181,202405,0.8809166666666667,0.9309689717150695,0.9695173581710415,0.7951070833333334
PR00088,20240507,P1,L1,12,9.911,0.008333,1045,31,16,60,1092,202405,0.8259166666666666,0.9181350015134699,0.956959706959707,0.7256654166666667
PR00089,20240508,P1,L1,8,7.641,0.008333,831,9,6,0,846,202405,0.955125,0.9226171967020024,0.9822695035460993,0.865590375
PR00090,20240509,P1,L1,8,6.32,0.008333,653,30,9,45,692,202405,0.79,0.9124107594936708,0.9436416184971098,0.6801811249999999
PR00091,20240510,P1,L1,16,14.81,0.008333,1615,57,32,60,1704,202405,0.925625,0.9587732613099257,0.9477699530516432,0.8411121875
PR00092,20240512,P1,L1,16,14.924,0.008333,1641,22,9,30,1672,202405,0.93275,0.9335818815331011,0.9814593301435407,0.8546533125000001
PR00093,20240513,P1,L1,8,6.988,0.008333,792,18,15,45,825,202405,0.8735,0.9837900686891814,0.96,0.8249669999999999
PR00094,20240514,P1,L1,8,7.514,0.008333,810,42,4,0,857,202405,0.93925,0.9504100346020761,0.9451575262543758,0.8437162500000001
PR00095,20240516,P1,L1,12,10.58,0.008333,1162,42,11,60,1214,202405,0.8816666666666667,0.9561684310018904,0.957166392092257,0.8069121666666668
PR00096,20240520,P1,L1,16,15.622,0.008333,1798,37,25,0,1860,202405,0.976375,0.9921508129560876,0.9666666666666667,0.936420875
PR00097,20240521,P1,L1,12,10.949,0.008333,1209,63,14,30,1286,202405,0.9124166666666667,0.9787412549091242,0.9401244167962675,0.8395497500000001
PR00098,20240522,P1,L1,8,7.243,0.008333,754,36,8,30,798,202405,0.905375,0.9180911224630678,0.9448621553884712,0.78538525
PR00099,20240523,P1,L1,8,7.854,0.008333,878,43,7,0,928,202405,0.98175,0.9845968933027757,0.9461206896551724,0.91454675
PR00100,20240524,P1,L1,16,15.074,0.008333,1680,69,28,30,1777,202405,0.942125,0.9823365397372961,0.9454136184580754,0.874965
PR00101,20240527,P1,L1,16,15.81,0.008333,1814,20,36,0,1870,202405,0.988125,0.9856236559139785,0.9700534759358289,0.9447538750000001
PR00102,20240528,P1,L1,16,15.613,0.008333,1729,59,19,0,1808,202405,0.9758125,0.964969192339717,0.9563053097345132,0.9004848125
PR00103,20240529,P1,L1,16,15.722,0.008333,1738,27,13,0,1778,202405,0.982625,0.9423784505788069,0.9775028121484814,0.905172125
PR00104,20240530,P1,L1,12,11.329,0.008333,1256,60,12,0,1327,202405,0.9440833333333334,0.9760694677376643,0.9464958553127355,0.8721873333333334
PR00105,20240531,P1,L1,8,7.701,0.008333,811,24,16,0,851,202405,0.962625,0.9208392416569278,0.9529964747356052,0.8447578750000001
PR00106,20240604,P1,L1,8,6.616,0.008333,746,39,14,60,799,202406,0.827,1.0,0.9336670838548186,0.7721426783479349
PR00107,20240606,P1,L1,12,10.958,0.008333,1217,40,9,45,1266,202406,0.9131666666666667,0.9627284175944516,0.9612954186413902,0.8451050833333335
PR00108,20240607,P1,L1,8,6.395,0.008333,693,18,8,45,719,202406,0.799375,0.936892415949961,0.9638386648122392,0.721846125
PR00109,20240608,P1,L1,8,6.754,0.008333,722,15,13,60,749,202406,0.84425,0.9241067515546344,0.9639519359145527,0.75205325
PR00110,20240610,P1,L1,12,10.754,0.008333,1233,30,16,60,1279,202406,0.8961666666666667,0.9910644411381812,0.9640344018764659,0.8562157499999999
PR00111,20240611,P1,L1,8,6.678,0.008333,753,24,9,60,787,202406,0.83475,0.9820411799940102,0.9567979669631512,0.784343625
PR00112,20240612,P1,L1,12,11.654,0.008333,1338,40,26,0,1404,202406,0.9711666666666666,1.0,0.9529914529914529,0.9255135327635327
PR00113,20240613,P1,L1,12,11.855,0.008333,1235,60,12,0,1308,202406,0.9879166666666667,0.9194064951497258,0.9441896024464832,0.8576045833333333
PR00114,20240614,P1,L1,12,11.483,0.008333,1305,58,21,0,1384,202406,0.9569166666666667,1.0,0.9429190751445087,0.9022949783236995
PR00115,20240617,P1,L1,12,11.023,0.008333,1214,51,21,45,1285,202406,0.9185833333333333,0.9714147691191146,0.9447470817120622,0.8430218333333332
PR00116,20240618,P1,L1,16,15.83,0.008333,1840,40,11,0,1890,202406,0.989375,0.9949065066329754,0.9735449735449735,0.958295
PR00117,20240619,P1,L1,8,7.668,0.008333,884,21,14,0,919,202406,0.9585,0.9986994001043297,0.9619151251360174,0.9207964999999999
PR00118,20240620,P1,L1,12,10.894,0.008333,1196,21,18,60,1235,202406,0.9078333333333334,0.9446718377088305,0.968421052631579,0.8305223333333334
PR00119,20240621,P1,L1,8,7.142,0.008333,821,27,12,45,860,202406,0.89275,1.0,0.9546511627906977,0.8522648255813955
PR00120,20240623,P1,L1,16,14.868,0.008333,1609,78,18,45,1706,202406,0.92925,0.9561540220608017,0.9431418522860492,0.8379873125
PR00121,20240624,P1,L1,12,11.703,0.008333,1229,47,18,0,1294,202406,0.97525,0.92137930445185,0.9497681607418856,0.8534380833333334
PR00122,20240625,P1,L1,8,7.118,0.008333,818,17,12,45,847,202406,0.88975,0.9915778308513626,0.9657615112160567,0.85204925
PR00123,20240626,P1,L1,8,6.933,0.008333,802,15,11,45,827,202406,0.866625,0.993998413385259,0.969770253929867,0.8353832500000001
PR00124,20240627,P1,L1,16,15.465,0.008333,1639,85,18,30,1742,202406,0.9665625,0.9386411897833818,0.9408725602755453,0.8536116874999999
PR00125,20240628,P1,L1,8,7.232,0.008333,777,39,14,30,830,202406,0.904,0.9563592367256637,0.936144578313253,0.809342625
PR00126,20240701,P1,L1,12,10.784,0.008333,1217,56,24,60,1296,202407,0.8986666666666667,1.0,0.9390432098765432,0.8438868312757202
PR00127,20240702,P1,L1,16,15.047,0.008333,1605,60,15,30,1679,202407,0.9404375,0.9298270087060543,0.9559261465157832,0.8359040625
PR00128,20240703,P1,L1,12,10.881,0.008333,1255,21,6,45,1283,202407,0.9067500000000001,0.9825603345280765,0.9781761496492596,0.8714929166666667
PR00129,20240704,P1,L1,16,14.171,0.008333,1509,40,30,45,1578,202407,0.8856875,0.9279143320866559,0.9562737642585551,0.7859060625
PR00130,20240705,P1,L1,8,5.996,0.008333,702,9,5,60,716,202407,0.7495,0.9950680453635757,0.9804469273743017,0.7312207500000001
PR00131,20240706,P1,L1,16,14.952,0.008333,1599,44,21,45,1665,202407,0.9345,0.9279323836276083,0.9603603603603603,0.8327791874999999
PR00132,20240708,P1,L1,12,10.855,0.008333,1258,29,15,45,1302,202407,0.9045833333333334,0.9994994011976047,0.9662058371735791,0.8735761666666667
PR00133,20240709,P1,L1,8,6.642,0.008333,744,33,8,45,785,202407,0.83025,0.9848547124360132,0.9477707006369427,0.774969
PR00134,20240710,P1,L1,16,14.665,0.008333,1534,73,10,60,1616,202407,0.9165625,0.9182494374360723,0.9492574257425742,0.798926375
PR00135,20240711,P1,L1,12,11.828,0.008333,1279,55,7,0,1340,202407,0.9856666666666666,0.9440497125464999,0.9544776119402985,0.8881589166666666
PR00136,20240712,P1,L1,16,14.614,0.008333,1654,54,29,60,1737,202407,0.913375,0.9904489530587107,0.952216465169833,0.861423875
PR00137,20240715,P1,L1,8,6.821,0.008333,752,19,6,45,777,202407,0.852625,0.94923632898402,0.9678249678249679,0.783302
PR00138,20240716,P1,L1,16,15.319,0.008333,1611,72,18,0,1701,202407,0.9574375,0.9252844833213656,0.9470899470899471,0.8390289375000001
PR00139,20240717,P1,L1,8,7.74,0.008333,864,45,16,0,925,202407,0.9675,0.9958688630490956,0.9340540540540541,0.899964
PR00140,20240718,P1,L1,8,6.94,0.008333,767,25,13,45,805,202407,0.8675,0.9665799711815563,0.9527950310559006,0.798926375
PR00141,20240719,P1,L1,8,7.19,0.008333,775,21,13,30,809,202407,0.89875,0.9376073713490959,0.957972805933251,0.807259375
PR00142,20240720,P1,L1,12,11.454,0.008333,1258,48,8,0,1314,202407,0.9545,0.9559596647459403,0.9573820395738204,0.8735761666666666
PR00143,20240722,P1,L1,16,14.454,0.008333,1587,47,30,60,1665,202407,0.903375,0.9599034869240348,0.9531531531531532,0.8265294375
PR00144,20240724,P1,L1,12,11.867,0.008333,1271,24,14,0,1309,202407,0.9889166666666668,0.9191789837364118,0.970970206264324,0.8826035833333334
PR00145,20240725,P1,L1,8,7.76,0.008333,822,20,7,0,850,202407,0.97,0.912764175257732,0.9670588235294117,0.8562157499999999
PR00146,20240726,P1,L1,8,7.641,0.008333,822,12,12,0,846,202407,0.955125,0.9226171967020024,0.9716312056737588,0.85621575
PR00147,20240728,P1,L1,16,15.436,0.008333,1694,40,33,0,1767,202407,0.96475,0.9539006867064006,0.958687040181098,0.8822563750000001
PR00148,20240729,P1,L1,16,15.237,0.008333,1642,84,18,30,1744,202407,0.9523125,0.9537804029664633,0.9415137614678899,0.855174125
PR00149,20240730,P1,L1,12,11.575,0.008333,1207,56,17,0,1280,202407,0.9645833333333332,0.9214894168466523,0.94296875,0.8381609166666666
PR00150,20240731,P1,L1,12,10.147,0.008333,1167,31,12,60,1210,202407,0.8455833333333334,0.9936858184685128,0.9644628099173553,0.8103842499999999
PR00151,20240801,P1,L1,12,11.291,0.008333,1229,30,13,30,1272,202408,0.9409166666666667,0.938763262775662,0.9661949685534591,0.8534380833333334
PR00152,20240804,P1,L1,8,7.712,0.008333,859,42,12,0,914,202408,0.964,0.987598807053942,0.9398249452954048,0.8947558750000001
PR00153,20240805,P1,L1,8,5.919,0.008333,669,7,4,60,680,202408,0.739875,0.9573306301740159,0.9838235294117647,0.6968471249999999
PR00154,20240806,P1,L1,12,10.65,0.008333,1173,35,6,60,1213,202408,0.8875000000000001,0.9491013145539906,0.9670239076669415,0.8145507500000001
PR00155,20240807,P1,L1,12,11.091,0.008333,1210,20,20,30,1250,202408,0.9242499999999999,0.9391623839148859,0.968,0.8402441666666666
PR00156,20240808,P1,L1,12,10.247,0.008333,1089,38,20,60,1147,202408,0.8539166666666667,0.9327560261539964,0.949433304272014,0.7562197500000001
PR00157,20240809,P1,L1,8,6.852,0.008333,785,28,9,30,822,202408,0.8565,0.9996681260945709,0.9549878345498783,0.817675625
PR00158,20240813,P1,L1,16,14.439,0.008333,1515,48,18,60,1581,202408,0.9024375,0.9124228132142116,0.9582542694497154,0.7890309375000001
PR00159,20240814,P1,L1,8,7.239,0.008333,763,22,10,30,795,202408,0.904875,0.9151450476585165,0.959748427672956,0.794759875
PR00160,20240815,P1,L1,8,7.295,0.008333,840,23,14,0,877,202408,0.911875,1.0,0.9578107183580388,0.8734036488027366
PR00161,20240816,P1,L1,8,6.833,0.008333,749,21,4,30,774,202408,0.854125,0.9439107273525539,0.9677002583979328,0.780177125
PR00162,20240818,P1,L1,8,6.778,0.008333,700,35,12,60,748,202408,0.84725,0.9196051932723518,0.9358288770053476,0.7291375
PR00163,20240821,P1,L1,8,7.193,0.008333,785,22,5,30,812,202408,0.899125,0.9406917836785765,0.9667487684729064,0.817675625
PR00164,20240822,P1,L1,12,10.694,0.008333,1114,52,17,60,1183,202408,0.8911666666666668,0.9218196184776509,0.9416737109044802,0.7735801666666666
PR00165,20240823,P1,L1,16,15.439,0.008333,1743,57,23,0,1823,202408,0.9649375,0.9839406049614613,0.9561162918266594,0.9077761875000001
PR00166,20240824,P1,L1,16,15.634,0.008333,1681,22,28,0,1732,202408,0.977125,0.923164641166688,0.9705542725173211,0.8754858125
PR00167,20240826,P1,L1,12,11.735,0.008333,1365,26,17,0,1408,202408,0.9779166666666667,0.9998179804005113,0.9694602272727273,0.94787875
PR00168,20240827,P1,L1,16,15.073,0.008333,1609,29,22,0,1660,202408,0.9420625,0.9177191003781596,0.9692771084337349,0.8379873125
PR00169,20240828,P1,L1,12,10.836,0.008333,1187,55,23,45,1265,202408,0.903,0.9727985418973791,0.9383399209486166,0.8242725833333334
PR00170,20240829,P1,L1,8,5.37,0.008333,577,25,8,60,609,202408,0.67125,0.945027374301676,0.9474548440065681,0.601017625
PR00171,20240830,P1,L1,12,11.022,0.008333,1170,47,9,30,1226,202408,0.9185,0.9268969334059154,0.9543230016313213,0.8124674999999999
PR00172,20240831,P1,L1,8,7.42,0.008333,795,42,10,30,846,202408,0.9275,0.9500967654986523,0.9397163120567376,0.828091875
PR00173,20240902,P1,L1,8,7.39,0.008333,763,40,9,30,811,202409,0.92375,0.914487550744249,0.9408138101109741,0.794759875
PR00174,20240903,P1,L1,12,11.18,0.008333,1266,35,18,30,1320,202409,0.9316666666666666,0.9838604651162791,0.9590909090909091,0.8791315000000001
PR00175,20240904,P1,L1,12,9.951,0.008333,1149,29,13,45,1191,202409,0.82925,0.9973473017787156,0.964735516372796,0.7978847499999999
PR00176,20240905,P1,L1,12,11.876,0.008333,1357,21,11,0,1389,202409,0.9896666666666666,0.9746157797238127,0.9769618430525558,0.9423234166666666
PR00177,20240906,P1,L1,16,15.642,0.008333,1821,30,15,0,1865,202409,0.977625,0.9935459020585603,0.9764075067024128,0.9483995625
PR00178,20240909,P1,L1,16,15.279,0.008333,1702,27,15,0,1745,202409,0.9549375,0.9517039727730873,0.9753581661891118,0.886422875
PR00179,20240910,P1,L1,8,7.754,0.008333,841,36,14,0,891,202409,0.96925,0.9575319834923911,0.9438832772166106,0.876006625
PR00180,20240911,P1,L1,12,11.741,0.008333,1253,37,14,0,1304,202409,0.9784166666666666,0.9254945916020783,0.9608895705521472,0.8701040833333333
PR00181,20240912,P1,L1,16,14.549,0.008333,1604,36,17,0,1657,202409,0.9093125,0.9490536119320916,0.968014484007242,0.83538325
PR00182,20240913,P1,L1,16,15.274,0.008333,1703,90,24,30,1817,202409,0.954625,0.9912963860154512,0.9372592184920198,0.8869436875
PR00183,20240914,P1,L1,16,15.129,0.008333,1661,51,18,0,1730,202409,0.9455625,0.952877916584044,0.9601156069364162,0.8650695625
PR00184,20240916,P1,L1,16,13.791,0.008333,1535,80,28,45,1643,202409,0.8619375,0.992757523022261,0.9342665855143031,0.7994471875
PR00185,20240917,P1,L1,12,11.002,0.008333,1269,31,17,30,1317,202409,0.9168333333333334,0.9975059989092891,0.9635535307517085,0.88121475
PR00186,20240918,P1,L1,8,6.912,0.008333,743,34,11,60,788,202409,0.864,0.9500005787037038,0.9428934010152284,0.7739273750000001
PR00187,20240919,P1,L1,8,6.264,0.008333,661,25,11,60,697,202409,0.783,0.9272191890166027,0.9483500717360115,0.688514125
PR00188,20240920,P1,L1,8,7.357,0.008333,812,17,14,30,842,202409,0.919625,0.9537020524670381,0.9643705463182898,0.8457994999999999
PR00189,20240921,P1,L1,16,15.372,0.008333,1804,21,15,30,1840,202409,0.96075,0.9974447046578194,0.9804347826086957,0.93954575
PR00190,20240923,P1,L1,8,7.621,0.008333,824,15,9,0,848,202409,0.952625,0.9272252985172549,0.9716981132075472,0.858299
PR00191,20240924,P1,L1,16,14.637,0.008333,1603,43,30,60,1676,202409,0.9148125,0.9541646512263442,0.9564439140811456,0.8348624375
PR00192,20240925,P1,L1,16,15.101,0.008333,1635,29,20,30,1683,202409,0.9438125,0.9287092907754454,0.9714795008912656,0.8515284375000001
PR00193,20240926,P1,L1,16,15.65,0.008333,1701,35,12,0,1748,202409,0.978125,0.9307401916932907,0.9731121281464531,0.8859020625
PR00194,20240927,P1,L1,12,11.47,0.008333,1263,54,10,0,1328,202409,0.9558333333333334,0.9647972101133391,0.9510542168674698,0.87704825
PR00195,20240928,P1,L1,16,13.83,0.008333,1486,54,24,60,1564,202409,0.864375,0.9423580621836587,0.9501278772378516,0.773927375
PR00196,20240930,P1,L1,16,14.933,0.008333,1630,68,28,60,1726,202409,0.9333125,0.9631526150137281,0.944380069524913,0.848924375
PR00197,20241001,P1,L1,8,6.837,0.008333,750,26,8,30,784,202410,0.854625,0.9555465847593974,0.9566326530612245,0.78121875
PR00198,20241002,P1,L1,16,14.273,0.008333,1594,28,27,45,1649,202410,0.8920625,0.9627350241715127,0.9666464523953912,0.830175125
PR00199,20241003,P1,L1,16,15.54,0.008333,1734,52,34,0,1820,202410,0.97125,0.975936936936937,0.9527472527472527,0.9030888749999999
PR00200,20241006,P1,L1,16,14.612,0.008333,1559,66,16,60,1641,202410,0.91325,0.9358371886120996,0.9500304692260817,0.8119466875
PR00201,20241007,P1,L1,12,11.776,0.008333,1318,44,16,0,1379,202410,0.9813333333333333,0.9758158118206522,0.9557650471356055,0.9152411666666667
PR00202,20241009,P1,L1,16,14.498,0.008333,1511,63,13,60,1587,202410,0.906125,0.9121582976962339,0.9521109010712036,0.7869476875
PR00203,20241010,P1,L1,16,15.023,0.008333,1714,35,15,30,1763,202410,0.9389375,0.9779058110896626,0.9722064662507091,0.892672625
PR00204,20241012,P1,L1,12,11.473,0.008333,1249,46,10,30,1305,202410,0.9560833333333334,0.9478397106249455,0.957088122605364,0.8673264166666668
PR00205,20241013,P1,L1,12,10.34,0.008333,1161,57,12,60,1229,202410,0.8616666666666667,0.9904503868471954,0.9446704637917006,0.8062177500000001
PR00206,20241014,P1,L1,8,7.146,0.008333,837,11,6,0,854,202410,0.89325,0.9958553036663867,0.9800936768149883,0.871840125
PR00207,20241015,P1,L1,12,10.559,0.008333,1176,37,18,60,1232,202410,0.8799166666666666,0.9722754048678853,0.9545454545454546,0.8166340000000001
PR00208,20241016,P1,L1,12,11.137,0.008333,1214,20,11,45,1245,202410,0.9280833333333334,0.9315421567747149,0.9751004016064257,0.8430218333333334
PR00209,20241017,P1,L1,12,11.327,0.008333,1288,29,11,0,1328,202410,0.9439166666666666,0.9769774874194402,0.9698795180722891,0.8944086666666666
PR00210,20241018,P1,L1,16,15.761,0.008333,1734,63,25,0,1821,202410,0.9850625,0.9627811052598186,0.9522240527182867,0.903088875
PR00211,20241021,P1,L1,12,11.255,0.008333,1248,17,10,30,1276,202410,0.9379166666666667,0.9447274988893825,0.9780564263322884,0.8666320000000001
PR00212,20241022,P1,L1,16,15.213,0.008333,1665,60,32,30,1756,202410,0.9508125,0.9618581476368895,0.9481776765375854,0.8671528125
PR00213,20241023,P1,L1,12,11.851,0.008333,1306,39,25,0,1370,202410,0.9875833333333334,0.9633119567968946,0.9532846715328467,0.9069081666666665
PR00214,20241024,P1,L1,12,11.113,0.008333,1209,17,6,0,1232,202410,0.9260833333333333,0.9238059929811933,0.9813311688311688,0.83954975
PR00215,20241025,P1,L1,16,15.441,0.008333,1613,81,12,30,1705,202410,0.9650625,0.9201324396088336,0.9460410557184751,0.8400705625
PR00216,20241028,P1,L1,12,10.553,0.008333,1149,48,20,60,1217,202410,0.8794166666666667,0.9609837013171609,0.9441248972884141,0.7978847499999999
PR00217,20241029,P1,L1,8,7.489,0.008333,813,43,16,0,872,202410,0.936125,0.9702732006943517,0.9323394495412844,0.8468411250000001
PR00218,20241030,P1,L1,12,10.302,0.008333,1115,32,22,45,1168,202410,0.8584999999999999,0.9447625703746846,0.9546232876712328,0.7742745833333332
PR00219,20241031,P1,L1,16,15.293,0.008333,1685,56,21,0,1763,202410,0.9558125,0.9606407506702414,0.9557572319909245,0.8775690625
PR00220,20241101,P1,L1,12,10.901,0.008333,1171,21,21,0,1213,202411,0.9084166666666667,0.9272478671681498,0.9653751030502885,0.8131619166666666
PR00221,20241104,P1,L1,12,11.696,0.008333,1318,28,8,0,1354,202411,0.9746666666666667,0.9646786935704516,0.9734121122599705,0.9152411666666668
PR00222,20241106,P1,L1,8,6.648,0.008333,729,21,4,30,754,202411,0.831,0.9451086040914561,0.96684350132626,0.759344625
PR00223,20241107,P1,L1,16,14.53,0.008333,1629,26,13,60,1669,202411,0.908125,0.9571766689607708,0.9760335530257639,0.8484035624999999
PR00224,20241108,P1,L1,16,15.362,0.008333,1659,50,17,30,1726,202411,0.960125,0.9362555656815519,0.9611819235225956,0.8640279375000001
PR00225,20241111,P1,L1,16,15.05,0.008333,1654,71,28,30,1753,202411,0.940625,0.9706145514950165,0.9435253850541928,0.861423875
PR00226,20241112,P1,L1,8,7.788,0.008333,829,16,10,0,855,202411,0.9735,0.9148324345146379,0.9695906432748538,0.863507125
PR00227,20241113,P1,L1,8,7.843,0.008333,916,10,17,0,943,202411,0.980375,1.0,0.9713679745493107,0.9523048780487805
PR00228,20241114,P1,L1,8,6.534,0.008333,749,25,5,60,779,202411,0.81675,0.9934813284358739,0.9614890885750963,0.780177125
PR00229,20241115,P1,L1,12,10.407,0.008333,1088,44,19,45,1152,202411,0.86725,0.9224191409628136,0.9444444444444444,0.7555253333333334
PR00230,20241118,P1,L1,16,15.833,0.008333,1698,50,32,0,1780,202411,0.9895625,0.9368243541969304,0.9539325842696629,0.884339625
PR00231,20241119,P1,L1,8,5.821,0.008333,622,22,12,60,656,202411,0.727625,0.9390908778560385,0.948170731707317,0.64789075
PR00232,20241120,P1,L1,12,11.965,0.008333,1347,33,8,0,1388,202411,0.9970833333333333,0.9666697868783954,0.9704610951008645,0.9353792500000001
PR00233,20241121,P1,L1,16,14.749,0.008333,1602,73,19,45,1694,202411,0.9218125,0.9570887517797816,0.9456906729634003,0.834341625
PR00234,20241122,P1,L1,12,11.245,0.008333,1212,20,19,30,1250,202411,0.9370833333333333,0.9263005780346821,0.9696,0.8416330000000001
PR00235,20241125,P1,L1,12,11.27,0.008333,1179,42,13,0,1234,202411,0.9391666666666666,0.912415439219166,0.9554294975688817,0.8187172500000001
PR00236,20241126,P1,L1,8,7.009,0.008333,753,33,8,30,795,202411,0.876125,0.9451754886574404,0.9471698113207547,0.784343625
PR00237,20241127,P1,L1,12,11.67,0.008333,1295,18,22,0,1335,202411,0.9725,0.9532609254498715,0.9700374531835206,0.8992695833333334
PR00238,20241128,P1,L1,8,7.188,0.008333,808,30,15,0,853,202411,0.8985,0.9888771563717308,0.9472450175849941,0.8416330000000001
PR00239,20241129,P1,L1,8,7.763,0.008333,824,43,4,0,871,202411,0.970375,0.934953368543089,0.9460390355912744,0.858299
PR00240,20241201,P1,L1,12,10.706,0.008333,1107,56,10,0,1172,202412,0.8921666666666667,0.9122245469830002,0.9445392491467577,0.76871925
PR00241,20241202,P1,L1,8,6.866,0.008333,797,17,10,30,824,202412,0.85825,1.0,0.9672330097087378,0.8301277305825242
PR00242,20241203,P1,L1,12,11.373,0.008333,1230,63,10,0,1303,202412,0.94775,0.9547084322518246,0.9439754412893323,0.8541325000000001
PR00243,20241204,P1,L1,8,6.796,0.008333,720,28,6,45,754,202412,0.8495,0.9245264861683343,0.9549071618037135,0.74997
PR00244,20241205,P1,L1,12,10.608,0.008333,1202,41,10,0,1253,202412,0.884,0.984280637254902,0.9592976855546688,0.8346888333333333
PR00245,20241206,P1,L1,12,11.284,0.008333,1198,50,8,0,1256,202412,0.9403333333333334,0.9275299539170506,0.9538216560509554,0.8319111666666666
PR00246,20241207,P1,L1,12,10.749,0.008333,1181,20,15,60,1216,202412,0.89575,0.9426856451762954,0.9712171052631579,0.8201060833333332
PR00247,20241209,P1,L1,12,11.594,0.008333,1239,18,11,0,1268,202412,0.9661666666666666,0.9113544937036397,0.9771293375394322,0.8603822499999999
PR00248,20241210,P1,L1,8,7.742,0.008333,848,20,8,0,877,202412,0.96775,0.9439474296047533,0.9669327251995439,0.883298
PR00249,20241213,P1,L1,16,14.659,0.008333,1630,38,27,30,1694,202412,0.9161875,0.9629648679991814,0.9622195985832349,0.848924375
PR00250,20241214,P1,L1,16,14.509,0.008333,1539,76,10,45,1625,202412,0.9068125,0.93329140533462,0.947076923076923,0.8015304375
PR00251,20241215,P1,L1,8,7.024,0.008333,791,28,14,45,833,202412,0.878,0.9882387528473804,0.9495798319327731,0.823925375
PR00252,20241217,P1,L1,12,11.402,0.008333,1245,35,23,0,1302,202412,0.9501666666666666,0.9515493773022277,0.956221198156682,0.86454875
PR00253,20241218,P1,L1,16,14.781,0.008333,1629,34,20,30,1683,202412,0.9238125,0.9488153034300791,0.9679144385026738,0.8484035625
PR00254,20241219,P1,L1,12,10.981,0.008333,1157,59,19,45,1236,202412,0.9150833333333334,0.9379462708314361,0.936084142394822,0.8034400833333333
PR00255,20241220,P1,L1,16,15.687,0.008333,1772,61,16,0,1849,202412,0.9804375,0.9821965321603876,0.9583558680367766,0.92287975
PR00256,20241223,P1,L1,8,7.82,0.008333,870,18,13,0,901,202412,0.9775,0.9601065217391305,0.9655937846836848,0.90621375
PR00257,20241225,P1,L1,16,14.858,0.008333,1672,48,12,30,1732,202412,0.928625,0.9713794588773724,0.9653579676674365,0.8707985
PR00258,20241227,P1,L1,12,10.007,0.008333,1074,16,20,60,1111,202412,0.8339166666666666,0.9251486959128611,0.9666966696669667,0.7458035000000001
PR00259,20241228,P1,L1,12,11.843,0.008333,1366,28,21,0,1415,202412,0.9869166666666667,0.9956256860592755,0.9653710247349824,0.9485731666666667
PR00260,20241231,P1,L1,12,10.503,0.008333,1164,55,8,60,1227,202412,0.87525,0.973492430734076,0.9486552567237164,0.808301
PR00261,20240101,P2,L1,12,11.38,0.007143,1457,30,16,0,1502,202401,0.9483333333333334,0.9427755711775043,0.9700399467376831,0.86727925
PR00262,20240102,P2,L1,8,7.579,0.007143,965,41,10,0,1016,202401,0.947375,0.9575521836653912,0.9498031496062992,0.861624375
PR00263,20240103,P2,L1,16,14.921,0.007143,1840,51,28,45,1920,202401,0.9325625,0.9191448294350245,0.9583333333333334,0.8214450000000001
PR00264,20240104,P2,L1,12,10.706,0.007143,1406,44,22,0,1473,202401,0.8921666666666667,0.9827796562675136,0.9545145960624576,0.8369215000000001
PR00265,20240105,P2,L1,12,11.035,0.007143,1494,17,20,45,1531,202401,0.9195833333333333,0.9910224739465338,0.9758327890267798,0.8893034999999999
PR00266,20240107,P2,L1,12,11.093,0.007143,1407,20,26,45,1452,202401,0.9244166666666667,0.9349712431262959,0.96900826446281,0.83751675
PR00267,20240108,P2,L1,8,6.924,0.007143,905,21,9,45,934,202401,0.8655,0.9635415944540727,0.9689507494646681,0.808051875
PR00268,20240110,P2,L1,8,6.601,0.007143,869,26,11,60,905,202401,0.825125,0.979308438115437,0.9602209944751381,0.775908375
PR00269,20240111,P2,L1,12,10.967,0.007143,1431,75,9,30,1515,202401,0.9139166666666667,0.9867461475335096,0.9445544554455445,0.8518027499999999
PR00270,20240112,P2,L1,8,7.409,0.007143,975,30,18,0,1023,202401,0.926125,0.9862719665271966,0.9530791788856305,0.870553125
PR00271,20240115,P2,L1,8,7.541,0.007143,937,32,12,0,981,202401,0.942625,0.9292246386420899,0.9551478083588175,0.836623875
PR00272,20240116,P2,L1,12,10.615,0.007143,1366,64,14,30,1444,202401,0.8845833333333334,0.9716902496467262,0.945983379501385,0.8131115
PR00273,20240117,P2,L1,8,6.672,0.007143,831,34,5,45,870,202401,0.834,0.9314163669064749,0.9551724137931035,0.741979125
PR00274,20240118,P2,L1,16,15.727,0.007143,2109,42,28,0,2179,202401,0.9829375,0.9896736186176639,0.9678751720972923,0.9415366875000001
PR00275,20240119,P2,L1,16,13.595,0.007143,1663,75,10,60,1748,202401,0.8496875,0.9184232438396469,0.9513729977116705,0.7424255625
PR00276,20240121,P2,L1,12,11.67,0.007143,1503,44,15,0,1562,202401,0.9725,0.9560724935732647,0.9622279129321383,0.89466075
PR00277,20240122,P2,L1,8,6.976,0.007143,918,14,14,60,946,202401,0.872,0.9686465022935781,0.9704016913319239,0.8196592500000001
PR00278,20240123,P2,L1,8,7.493,0.007143,966,50,5,0,1022,202401,0.936625,0.9742621113038835,0.9452054794520548,0.86251725
PR00279,20240124,P2,L1,8,6.9,0.007143,841,29,17,0,887,202401,0.8625,0.9182378260869565,0.9481397970687712,0.750907875
PR00280,20240125,P2,L1,8,6.386,0.007143,834,35,15,30,884,202401,0.79825,0.9887898528030066,0.9434389140271493,0.74465775
PR00281,20240126,P2,L1,8,7.533,0.007143,999,39,20,0,1057,202401,0.941625,1.0,0.945127719962157,0.8899558893093662
PR00282,20240129,P2,L1,8,7.108,0.007143,964,15,8,0,987,202401,0.8885,0.9918600168823861,0.9766970618034447,0.8607315
PR00283,20240130,P2,L1,8,7.688,0.007143,999,37,16,0,1052,202401,0.961,0.9774240374609782,0.9496197718631179,0.891982125
PR00284,20240131,P2,L1,16,15.158,0.007143,2023,70,30,45,2123,202401,0.947375,1.0,0.9528968440885539,0.9027506476683937
PR00285,20240201,P2,L1,16,15.95,0.007143,2056,62,28,0,2146,202402,0.996875,0.9610581818181818,0.9580615097856477,0.9178755
PR00286,20240205,P2,L1,12,10.43,0.007143,1352,44,19,45,1415,202402,0.8691666666666666,0.9690647171620327,0.9554770318021202,0.8047780000000001
PR00287,20240207,P2,L1,12,11.976,0.007143,1568,30,25,0,1623,202402,0.9980000000000001,0.9680268036072144,0.9661121380160197,0.9333520000000001
PR00288,20240208,P2,L1,12,11.28,0.007143,1484,60,19,30,1563,202402,0.94,0.9897614361702128,0.9494561740243123,0.8833510000000001
PR00289,20240209,P2,L1,8,7.55,0.007143,1010,31,9,0,1050,202402,0.94375,0.9933973509933774,0.9619047619047619,0.90180375
PR00290,20240212,P2,L1,12,11.657,0.007143,1483,75,16,0,1575,202402,0.9714166666666667,0.9651046581453204,0.9415873015873016,0.8827557500000001
PR00291,20240214,P2,L1,16,15.37,0.007143,2033,63,11,0,2107,202402,0.960625,0.9791998048145738,0.9648789748457522,0.9076074375
PR00292,20240215,P2,L1,16,15.259,0.007143,2004,100,26,0,2129,202402,0.9536875,0.9966214692968084,0.941286989196806,0.89466075
PR00293,20240216,P2,L1,12,11.75,0.007143,1449,66,10,0,1525,202402,0.9791666666666666,0.9270702127659575,0.9501639344262295,0.86251725
PR00294,20240219,P2,L1,8,6.494,0.007143,879,14,16,30,909,202402,0.81175,0.9998440098552511,0.966996699669967,0.784837125
PR00295,20240220,P2,L1,16,15.071,0.007143,2008,22,39,30,2069,202402,0.9419375,0.980616216574879,0.9705171580473658,0.8964464999999999
PR00296,20240221,P2,L1,16,15.095,0.007143,1943,55,20,30,2018,202402,0.9434375,0.9549237495859556,0.9628344895936571,0.8674280625
PR00297,20240222,P2,L1,12,11.584,0.007143,1473,33,19,0,1526,202402,0.9653333333333333,0.9409718577348067,0.9652686762778506,0.8768032500000001
PR00298,20240223,P2,L1,12,11.216,0.007143,1388,29,17,45,1433,202402,0.9346666666666666,0.9126175998573468,0.9685973482205164,0.8262070000000001
PR00299,20240226,P2,L1,16,15.456,0.007143,1928,27,29,0,1984,202402,0.966,0.9169068322981366,0.9717741935483871,0.8607315
PR00300,20240227,P2,L1,8,6.995,0.007143,897,32,14,45,943,202402,0.874375,0.9629519656897784,0.9512195121951219,0.800908875
PR00301,20240228,P2,L1,8,6.632,0.007143,827,15,4,45,846,202402,0.829,0.911184861278649,0.9775413711583925,0.738407625
PR00302,20240229,P2,L1,12,11.235,0.007143,1455,70,22,30,1546,202402,0.9362499999999999,0.9829174899866489,0.9411384217335058,0.86608875
PR00303,20240301,P2,L1,8,7.305,0.007143,959,48,11,30,1018,202403,0.913125,0.9954242299794662,0.9420432220039293,0.856267125
PR00304,20240304,P2,L1,8,7.676,0.007143,1007,25,18,0,1050,202403,0.9595,0.9770909327774883,0.959047619047619,0.899125125
PR00305,20240305,P2,L1,12,10.945,0.007143,1344,62,23,30,1430,202403,0.9120833333333334,0.9332562814070351,0.9398601398601398,0.8000159999999998
PR00306,20240306,P2,L1,16,13.991,0.007143,1813,50,24,60,1888,202403,0.8744375,0.9639042241440927,0.9602754237288136,0.8093911875
PR00307,20240307,P2,L1,8,5.835,0.007143,772,28,10,30,810,202403,0.729375,0.991573264781491,0.9530864197530864,0.6892995
PR00308,20240308,P2,L1,12,11.026,0.007143,1429,60,19,0,1508,202403,0.9188333333333333,0.9769312534010521,0.9476127320954907,0.85061225
PR00309,20240309,P2,L1,16,14.192,0.007143,1843,96,21,45,1960,202403,0.887,0.9864909808342728,0.9403061224489796,0.8227843125000001
PR00310,20240310,P2,L1,12,10.543,0.007143,1317,26,23,30,1366,202403,0.8785833333333333,0.9254802238452055,0.9641288433382138,0.78394425
PR00311,20240311,P2,L1,12,10.325,0.007143,1399,18,19,45,1437,202403,0.8604166666666666,0.994139564164649,0.9735560194850382,0.83275475
PR00312,20240312,P2,L1,12,11.249,0.007143,1455,45,18,30,1517,202403,0.9374166666666667,0.9632794915103564,0.9591298615688859,0.86608875
PR00313,20240313,P2,L1,16,14.768,0.007143,1826,63,17,60,1906,202403,0.923,0.9218958559046587,0.9580272822665268,0.8151948750000001
PR00314,20240314,P2,L1,8,7.295,0.007143,981,25,18,30,1024,202403,0.911875,1.0,0.9580078125,0.8735833740234374
PR00315,20240315,P2,L1,16,15.32,0.007143,1916,90,29,0,2036,202403,0.9575,0.9492916449086162,0.9410609037328095,0.8553742500000001
PR00316,20240318,P2,L1,16,14.92,0.007143,1844,68,36,0,1948,202403,0.9325,0.932611528150134,0.946611909650924,0.82323075
PR00317,20240319,P2,L1,8,7.529,0.007143,947,49,5,0,1001,202403,0.941125,0.949680302829061,0.9460539460539461,0.8455526250000001
PR00318,20240320,P2,L1,12,10.921,0.007143,1344,55,23,30,1422,202403,0.9100833333333332,0.9300747184323781,0.9451476793248945,0.8000160000000001
PR00319,20240321,P2,L1,12,11.665,0.007143,1515,36,14,0,1565,202403,0.9720833333333333,0.9583193313330477,0.9680511182108626,0.90180375
PR00320,20240322,P2,L1,8,6.954,0.007143,846,39,6,30,891,202403,0.86925,0.915216134598792,0.9494949494949495,0.75537225
PR00321,20240323,P2,L1,16,15.402,0.007143,1910,37,30,30,1977,202403,0.962625,0.916875146084924,0.966110268082954,0.852695625
PR00322,20240325,P2,L1,16,14.199,0.007143,1815,68,34,45,1917,202403,0.8874375,0.9643729135854637,0.94679186228482,0.8102840625
PR00323,20240327,P2,L1,8,6.321,0.007143,821,43,6,45,870,202403,0.790125,0.9831371618414808,0.9436781609195403,0.733050375
PR00324,20240328,P2,L1,16,15.311,0.007143,1992,63,18,0,2072,202403,0.9569375,0.9666446345764482,0.9613899613899614,0.8893034999999999
PR00325,20240329,P2,L1,8,7.845,0.007143,972,38,15,0,1025,202403,0.980625,0.9332791586998088,0.9482926829268292,0.8678745
PR00326,20240331,P2,L1,16,14.873,0.007143,1965,67,28,60,2061,202403,0.9295625,0.989828750084045,0.9534206695778749,0.8772496875000001
PR00327,20240401,P2,L1,12,11.155,0.007143,1366,48,9,30,1423,202404,0.9295833333333333,0.9112047512326311,0.9599437807449052,0.8131115
PR00328,20240402,P2,L1,12,11.086,0.007143,1340,63,21,0,1424,202404,0.9238333333333334,0.9175204762763847,0.9410112359550562,0.7976350000000001
PR00329,20240405,P2,L1,8,6.129,0.007143,765,30,4,60,799,202404,0.766125,0.931188937836515,0.9574468085106383,0.6830493750000001
PR00330,20240406,P2,L1,16,14.475,0.007143,1921,37,23,45,1981,202404,0.9046875,0.9775670466321243,0.9697122665320546,0.8576064375
PR00331,20240408,P2,L1,12,11.657,0.007143,1505,18,25,0,1549,202404,0.9714166666666667,0.9491727717251438,0.9715945771465462,0.8958512500000002
PR00332,20240409,P2,L1,12,10.385,0.007143,1322,17,22,30,1361,202404,0.8654166666666666,0.9361216177178623,0.9713445995591476,0.7869204999999999
PR00333,20240410,P2,L1,12,11.743,0.007143,1516,76,23,0,1614,202404,0.9785833333333334,0.9817595163075875,0.9392812887236679,0.9023990000000001
PR00334,20240411,P2,L1,16,15.242,0.007143,1953,28,22,30,2003,202404,0.952625,0.93868449022438,0.9750374438342486,0.8718924375
PR00335,20240412,P2,L1,12,11.827,0.007143,1538,45,8,0,1591,202404,0.9855833333333334,0.960895662467236,0.9666876178504086,0.9154945000000001
PR00336,20240415,P2,L1,8,7.705,0.007143,973,14,13,0,999,202404,0.963125,0.9261332900713821,0.973973973973974,0.868767375
PR00337,20240416,P2,L1,12,10.909,0.007143,1368,21,10,60,1399,202404,0.9090833333333334,0.916037858648822,0.9778413152251608,0.814302
PR00338,20240417,P2,L1,12,11.814,0.007143,1539,42,17,0,1598,202404,0.9845,0.966185373285932,0.9630788485607009,0.9160897500000001
PR00339,20240418,P2,L1,8,6.566,0.007143,896,11,17,30,924,202404,0.82075,1.0,0.9696969696969697,0.7958787878787879
PR00340,20240419,P2,L1,16,14.991,0.007143,1943,32,17,45,1992,202404,0.9369375,0.9491598959375626,0.9754016064257028,0.8674280625
PR00341,20240421,P2,L1,8,7.541,0.007143,969,38,13,0,1020,202404,0.942625,0.9661662909428458,0.95,0.8651958750000001
PR00342,20240422,P2,L1,12,11.372,0.007143,1502,57,18,30,1577,202404,0.9476666666666667,0.9905479247274007,0.9524413443246671,0.8940655000000001
PR00343,20240423,P2,L1,8,6.945,0.007143,856,38,6,60,901,202404,0.868125,0.9266872570194384,0.9500554938956715,0.764301
PR00344,20240424,P2,L1,12,10.223,0.007143,1378,23,23,60,1424,202404,0.8519166666666668,0.994975251883009,0.9676966292134831,0.8202545000000001
PR00345,20240425,P2,L1,16,15.682,0.007143,1939,39,36,0,2015,202404,0.980125,0.9178130978191558,0.9622828784119106,0.8656423125
PR00346,20240426,P2,L1,16,15.865,0.007143,2059,48,19,0,2127,202404,0.9915625,0.9576527576426095,0.9680300893276916,0.9192148125
PR00347,20240429,P2,L1,12,11.07,0.007143,1455,55,23,30,1532,202404,0.9225,0.9885344173441734,0.9497389033942559,0.86608875
PR00348,20240430,P2,L1,16,15.968,0.007143,2107,27,18,0,2152,202404,0.998,0.9626588176352706,0.979089219330855,0.9406438125000001
PR00349,20240502,P2,L1,8,7.124,0.007143,896,30,12,45,937,202405,0.8905,0.9394990174059518,0.9562433297758804,0.800016
PR00350,20240503,P2,L1,12,11.781,0.007143,1553,54,13,0,1621,202405,0.98175,0.9828370257193787,0.9580505860579889,0.92442325
PR00351,20240505,P2,L1,8,7.027,0.007143,925,39,14,0,978,202405,0.878375,0.9941445851714814,0.9458077709611452,0.825909375
PR00352,20240506,P2,L1,16,15.081,0.007143,1895,50,31,0,1975,202405,0.9425625,0.9354436045355082,0.959493670886076,0.8459990625
PR00353,20240507,P2,L1,12,11.387,0.007143,1505,53,16,0,1574,202405,0.9489166666666667,0.9873612013699832,0.9561626429479034,0.8958512499999999
PR00354,20240508,P2,L1,8,6.574,0.007143,856,31,4,60,891,202405,0.82175,0.9681188013386066,0.9607182940516273,0.7643009999999999
PR00355,20240509,P2,L1,12,10.843,0.007143,1370,57,27,45,1454,202405,0.9035833333333333,0.9578457991330813,0.9422283356258597,0.8154925000000001
PR00356,20240510,P2,L1,12,10.751,0.007143,1319,49,22,60,1390,202405,0.8959166666666666,0.9235206027346294,0.9489208633093525,0.78513475
PR00357,20240513,P2,L1,8,6.333,0.007143,817,16,15,30,848,202405,0.791625,0.956460445286594,0.9634433962264151,0.729478875
PR00358,20240514,P2,L1,12,11.035,0.007143,1437,15,28,45,1481,202405,0.9195833333333333,0.9586572723153601,0.9702903443619176,0.8553742499999999
PR00359,20240515,P2,L1,16,15.91,0.007143,2054,73,19,0,2146,202405,0.994375,0.9634744186046511,0.9571295433364398,0.9169826249999999
PR00360,20240516,P2,L1,8,6.937,0.007143,885,16,10,45,912,202405,0.867125,0.9390826005477871,0.9703947368421053,0.790194375
PR00361,20240517,P2,L1,16,14.887,0.007143,1909,40,14,0,1963,202405,0.9304375,0.9418760663666286,0.9724910850738665,0.8522491874999999
PR00362,20240518,P2,L1,16,14.739,0.007143,1850,69,14,45,1933,202405,0.9211875,0.9367948300427437,0.9570615623383342,0.825909375
PR00363,20240519,P2,L1,8,7.299,0.007143,962,16,15,30,992,202405,0.912375,0.9707981915330867,0.969758064516129,0.85894575
PR00364,20240520,P2,L1,8,7.406,0.007143,958,17,8,0,983,202405,0.92575,0.9480919524709696,0.9745676500508647,0.85537425
PR00365,20240521,P2,L1,8,7.213,0.007143,977,14,6,30,996,202405,0.901625,0.9863341189518924,0.9809236947791165,0.872338875
PR00366,20240522,P2,L1,16,13.418,0.007143,1716,39,13,45,1767,202405,0.838625,0.9406529289014757,0.9711375212224108,0.76608675
PR00367,20240523,P2,L1,8,6.49,0.007143,837,39,6,45,882,202405,0.81125,0.9707436055469953,0.9489795918367347,0.747336375
PR00368,20240527,P2,L1,8,7.849,0.007143,1055,24,21,0,1100,202405,0.981125,1.0,0.9590909090909091,0.9409880681818182
PR00369,20240528,P2,L1,8,6.436,0.007143,804,14,5,45,824,202405,0.8045,0.9145170913610938,0.9757281553398058,0.7178715
PR00370,20240529,P2,L1,16,14.761,0.007143,1963,23,35,60,2021,202405,0.9225625,0.9779827247476458,0.971301335972291,0.8763568125
PR00371,20240530,P2,L1,8,7.569,0.007143,984,17,6,0,1006,202405,0.946125,0.9493801030519222,0.9781312127236581,0.878589
PR00372,20240601,P2,L1,8,7.292,0.007143,933,37,14,0,983,202406,0.9115,0.962914015359298,0.9491353001017294,0.8330523750000001
PR00373,20240603,P2,L1,8,6.75,0.007143,886,43,13,45,942,202406,0.84375,0.9968453333333334,0.940552016985138,0.79108725
PR00374,20240604,P2,L1,12,11.566,0.007143,1436,35,22,0,1494,202406,0.9638333333333334,0.9226735258516341,0.9611780455153949,0.8547790000000001
PR00375,20240605,P2,L1,12,11.641,0.007143,1438,31,14,0,1483,202406,0.9700833333333333,0.9099792973112275,0.9696561024949427,0.8559694999999999
PR00376,20240606,P2,L1,16,15.619,0.007143,2048,79,16,0,2143,202406,0.9761875,0.9800530763813304,0.9556696220251983,0.914304
PR00377,20240607,P2,L1,12,11.287,0.007143,1413,24,10,30,1446,202406,0.9405833333333334,0.9151039248693186,0.9771784232365145,0.84108825
PR00378,20240608,P2,L1,12,11.259,0.007143,1515,34,10,30,1559,202406,0.93825,0.9890698108180123,0.9717767799871713,0.90180375
PR00379,20240610,P2,L1,16,14.571,0.007143,1897,40,23,60,1961,202406,0.9106875,0.9613220094708668,0.9673635900050994,0.8468919374999999
PR00380,20240612,P2,L1,8,7.773,0.007143,950,37,6,0,993,202406,0.971625,0.9125175607873408,0.9566968781470292,0.84823125
PR00381,20240613,P2,L1,12,11.144,0.007143,1514,24,29,45,1567,202406,0.9286666666666666,1.0,0.9661774090619017,0.8972567538821528
PR00382,20240614,P2,L1,12,10.407,0.007143,1332,43,13,45,1388,202406,0.86725,0.9526745459786682,0.9596541786743515,0.7928729999999998
PR00383,20240618,P2,L1,8,7.236,0.007143,937,13,11,30,961,202406,0.9045,0.9486488391376452,0.9750260145681582,0.836623875
PR00384,20240619,P2,L1,16,14.559,0.007143,1931,81,24,30,2036,202406,0.9099375,0.9989111889552855,0.9484282907662083,0.8620708125000001
PR00385,20240620,P2,L1,8,7.747,0.007143,1032,42,6,0,1080,202406,0.968375,0.9957970827417064,0.9555555555555556,0.921447
PR00386,20240625,P2,L1,16,15.381,0.007143,1873,77,12,0,1963,202406,0.9613125,0.9116253169494831,0.9541518084564442,0.8361774375
PR00387,20240627,P2,L1,8,6.656,0.007143,850,39,9,45,899,202406,0.832,0.9647771935096154,0.9454949944382648,0.75894375
PR00388,20240628,P2,L1,12,11.892,0.007143,1473,30,15,0,1518,202406,0.991,0.9117956609485368,0.9703557312252964,0.8768032499999999
PR00389,20240701,P2,L1,8,6.717,0.007143,848,12,11,45,870,202407,0.839625,0.9251764180437696,0.9747126436781609,0.757158
PR00390,20240702,P2,L1,16,15.128,0.007143,1884,28,11,0,1923,202407,0.9455,0.907984465891063,0.9797191887675507,0.84108825
PR00391,20240703,P2,L1,12,11.285,0.007143,1463,56,14,30,1533,202407,0.9404166666666667,0.9703339831634914,0.954337899543379,0.8708507500000001
PR00392,20240704,P2,L1,12,11.886,0.007143,1544,57,11,0,1612,202407,0.9904999999999999,0.9687460878344272,0.9578163771712159,0.919066
PR00393,20240705,P2,L1,16,15.745,0.007143,2028,56,10,0,2095,202407,0.9840625,0.9504341060654176,0.968019093078759,0.90537525
PR00394,20240706,P2,L1,16,14.182,0.007143,1852,34,28,60,1915,202407,0.886375,0.9645215766464533,0.9671018276762402,0.8268022500000001
PR00395,20240708,P2,L1,12,10.887,0.007143,1489,17,24,45,1529,202407,0.90725,1.0,0.973839110529758,0.8835155330281229
PR00396,20240709,P2,L1,8,7.416,0.007143,900,41,12,30,952,202407,0.927,0.9169546925566343,0.9453781512605042,0.8035875
PR00397,20240710,P2,L1,16,15.765,0.007143,2058,29,31,0,2118,202407,0.9853125,0.9596494766888677,0.9716713881019831,0.9187683750000001
PR00398,20240711,P2,L1,12,11.658,0.007143,1495,65,9,0,1569,202407,0.9714999999999999,0.9613455995882656,0.952836201402167,0.8898987499999998
PR00399,20240712,P2,L1,16,15.4,0.007143,1909,61,12,30,1982,202407,0.9625,0.9193133766233766,0.9631685166498486,0.8522491875
PR00400,20240713,P2,L1,16,14.793,0.007143,1885,25,25,60,1935,202407,0.9245625,0.9343409044818496,0.9741602067183462,0.8415346874999999
PR00401,20240715,P2,L1,8,7.97,0.007143,983,25,18,0,1026,202407,0.99625,0.9195380175658721,0.9580896686159844,0.877696125
PR00402,20240716,P2,L1,12,10.792,0.007143,1407,47,7,45,1461,202407,0.8993333333333333,0.967005467012602,0.9630390143737166,0.8375167500000001
PR00403,20240718,P2,L1,16,15.824,0.007143,2091,60,35,0,2187,202407,0.989,0.9872182128412538,0.9561042524005487,0.9335008125
PR00404,20240721,P2,L1,12,10.727,0.007143,1372,39,18,60,1429,202407,0.8939166666666667,0.95155653957304,0.960111966410077,0.816683
PR00405,20240722,P2,L1,12,10.662,0.007143,1421,48,17,60,1485,202407,0.8885000000000001,0.9948747889701743,0.9569023569023569,0.8458502499999999
PR00406,20240723,P2,L1,16,15.12,0.007143,1953,81,16,45,2050,202407,0.945,0.9684623015873016,0.9526829268292683,0.8718924375
PR00407,20240724,P2,L1,12,11.096,0.007143,1356,60,21,30,1438,202407,0.9246666666666666,0.925706020187455,0.9429763560500696,0.807159
PR00408,20240725,P2,L1,12,10.698,0.007143,1300,48,21,30,1369,202407,0.8915000000000001,0.9140743129556926,0.9495982468955442,0.773825
PR00409,20240726,P2,L1,12,11.45,0.007143,1521,61,30,0,1611,202407,0.9541666666666666,1.0,0.9441340782122905,0.9008612662942271
PR00410,20240727,P2,L1,16,15.375,0.007143,2021,64,36,30,2122,202407,0.9609375,0.9858501463414634,0.9524033930254477,0.9022501875000001
PR00411,20240729,P2,L1,12,11.693,0.007143,1550,47,9,0,1606,202407,0.9744166666666666,0.9810705550329257,0.9651307596513076,0.9226375
PR00412,20240731,P2,L1,8,6.591,0.007143,865,14,8,0,888,202407,0.823875,0.9623705052344106,0.9740990990990991,0.772336875
PR00413,20240801,P2,L1,12,11.55,0.007143,1479,44,30,0,1553,202408,0.9625,0.9604397402597401,0.9523502897617514,0.8803747499999999
PR00414,20240803,P2,L1,12,11.91,0.007143,1572,49,30,0,1650,202408,0.9925,0.9895843828715365,0.9527272727272728,0.935733
PR00415,20240805,P2,L1,16,15.577,0.007143,2062,92,37,0,2191,202408,0.9735625,1.0,0.9411227749885896,0.9162418416248288
PR00416,20240806,P2,L1,16,15.492,0.007143,1956,56,19,0,2031,202408,0.96825,0.9364467467079783,0.9630723781388478,0.87323175
PR00417,20240807,P2,L1,16,15.597,0.007143,2027,88,22,0,2138,202408,0.9748125,0.9791456049240239,0.9480823199251637,0.9049288125
PR00418,20240808,P2,L1,16,15.362,0.007143,2041,45,35,30,2121,202408,0.960125,0.9862194375732327,0.9622819424799622,0.9111789375
PR00419,20240809,P2,L1,16,14.891,0.007143,1947,92,38,60,2077,202408,0.9306875,0.9963072325565778,0.9374097255657198,0.8692138125000001
PR00420,20240812,P2,L1,12,11.333,0.007143,1420,29,11,0,1460,202408,0.9444166666666667,0.9202135356922262,0.9726027397260274,0.845255
PR00421,20240813,P2,L1,12,10.881,0.007143,1399,55,15,60,1468,202408,0.9067500000000001,0.9636912048524953,0.9529972752043597,0.8327547500000002
PR00422,20240814,P2,L1,12,11.883,0.007143,1497,68,22,0,1587,202408,0.99025,0.9539628881595558,0.943289224952741,0.89108925
PR00423,20240815,P2,L1,16,15.439,0.007143,1870,96,26,0,1992,202408,0.9649375,0.9216177213550101,0.9387550200803213,0.834838125
PR00424,20240816,P2,L1,12,11.861,0.007143,1564,51,14,0,1629,202408,0.9884166666666667,0.981025798836523,0.960098219766728,0.930971
PR00425,20240818,P2,L1,8,7.546,0.007143,931,43,9,0,983,202408,0.94325,0.930502120328651,0.9471007121057986,0.831266625
PR00426,20240819,P2,L1,12,11.244,0.007143,1401,38,25,0,1465,202408,0.9369999999999999,0.9306736926360726,0.9563139931740614,0.83394525
PR00427,20240821,P2,L1,16,15.52,0.007143,2000,38,14,0,2052,202408,0.97,0.9444224226804124,0.9746588693957114,0.892875
PR00428,20240822,P2,L1,12,10.523,0.007143,1315,57,24,0,1396,202408,0.8769166666666667,0.9476031549938232,0.9419770773638968,0.7827537500000001
PR00429,20240823,P2,L1,12,10.671,0.007143,1331,37,16,45,1384,202408,0.88925,0.9264278886702277,0.9617052023121387,0.7922777500000001
PR00430,20240826,P2,L1,16,14.913,0.007143,1965,27,26,0,2018,202408,0.9320625,0.9665777509555421,0.9737363726461843,0.8772496875
PR00431,20240827,P2,L1,12,11.785,0.007143,1479,70,13,0,1562,202408,0.9820833333333333,0.9467429783623249,0.9468629961587708,0.8803747499999999
PR00432,20240828,P2,L1,12,11.771,0.007143,1539,44,25,0,1607,202408,0.9809166666666668,0.9751763656443803,0.9576851275668948,0.9160897500000001
PR00433,20240829,P2,L1,16,13.531,0.007143,1774,72,30,60,1877,202408,0.8456875,0.9908662330943758,0.945125199786894,0.791980125
PR00434,20240830,P2,L1,12,10.623,0.007143,1337,60,23,60,1419,202408,0.88525,0.9541482632024851,0.9422128259337562,0.79584925
PR00435,20240831,P2,L1,16,14.612,0.007143,1882,65,14,60,1961,202408,0.91325,0.9586246235970435,0.9597144314125446,0.840195375
PR00436,20240901,P2,L1,16,15.495,0.007143,1901,88,24,0,2013,202409,0.9684375,0.9279676669893515,0.944361649279682,0.8486776874999999
PR00437,20240903,P2,L1,8,7.579,0.007143,934,29,11,0,974,202409,0.947375,0.9179683335532393,0.9589322381930184,0.83394525
PR00438,20240904,P2,L1,12,11.93,0.007143,1615,27,32,0,1675,202409,0.9941666666666666,1.0,0.9641791044776119,0.9585547263681592
PR00439,20240905,P2,L1,8,7.088,0.007143,917,22,14,45,953,202409,0.886,0.9603948927765237,0.9622245540398741,0.818766375
PR00440,20240906,P2,L1,16,15.089,0.007143,1991,61,31,45,2083,202409,0.9430625,0.9860738948903174,0.9558329332693231,0.8888570625
PR00441,20240908,P2,L1,8,7.017,0.007143,887,44,17,0,948,202409,0.877125,0.9650226592560922,0.9356540084388185,0.7919801249999999
PR00442,20240909,P2,L1,12,11.78,0.007143,1464,24,20,0,1507,202409,0.9816666666666666,0.9137946519524618,0.9714664897146649,0.8714459999999998
PR00443,20240910,P2,L1,12,11.412,0.007143,1414,26,14,0,1454,202409,0.9510000000000001,0.9100878023133544,0.9724896836313618,0.8416835000000001
PR00444,20240911,P2,L1,8,6.918,0.007143,913,40,12,30,966,202409,0.86475,0.9974180398959237,0.9451345755693582,0.815194875
PR00445,20240912,P2,L1,12,11.505,0.007143,1480,32,23,0,1534,202409,0.9587500000000001,0.9523999999999999,0.9647979139504563,0.88097
PR00446,20240913,P2,L1,16,15.56,0.007143,2035,67,18,0,2121,202409,0.9725,0.9736698586118252,0.9594530881659594,0.9085003125000001
PR00447,20240915,P2,L1,12,9.369,0.007143,1181,34,18,30,1233,202409,0.7807499999999999,0.9400489913544668,0.9578264395782644,0.7029902499999999
PR00448,20240917,P2,L1,8,6.538,0.007143,832,42,10,45,884,202409,0.81725,0.9658017742428877,0.9411764705882353,0.742872
PR00449,20240918,P2,L1,16,15.435,0.007143,1949,49,21,30,2020,202409,0.9646875,0.9348143828960155,0.9648514851485148,0.8701066875
PR00450,20240919,P2,L1,8,6.672,0.007143,823,24,4,45,852,202409,0.834,0.9121456834532375,0.965962441314554,0.7348361250000001
PR00451,20240920,P2,L1,12,11.318,0.007143,1412,51,17,30,1480,202409,0.9431666666666666,0.93405548683513,0.9540540540540541,0.840493
PR00452,20240925,P2,L1,12,11.569,0.007143,1460,59,27,0,1546,202409,0.9640833333333334,0.9545404097156193,0.944372574385511,0.8690650000000001
PR00453,20240926,P2,L1,12,10.886,0.007143,1469,30,10,45,1510,202409,0.9071666666666666,0.9908074591218079,0.9728476821192052,0.87442225
PR00454,20240927,P2,L1,12,10.978,0.007143,1389,37,10,30,1436,202409,0.9148333333333333,0.9343548916013846,0.9672701949860725,0.82680225
PR00455,20240930,P2,L1,16,14.908,0.007143,1939,92,26,45,2057,202409,0.93175,0.9855883418298901,0.9426349052017501,0.8656423125
PR00456,20241001,P2,L1,12,11.191,0.007143,1433,33,18,0,1484,202410,0.9325833333333334,0.9472086498078813,0.965633423180593,0.85299325
PR00457,20241002,P2,L1,12,10.503,0.007143,1305,64,11,60,1380,202410,0.87525,0.9385261353898886,0.9456521739130435,0.77680125
PR00458,20241003,P2,L1,12,10.367,0.007143,1330,46,17,60,1393,202410,0.8639166666666668,0.9597954085077649,0.9547738693467337,0.7916825000000001
PR00459,20241007,P2,L1,12,9.926,0.007143,1251,22,18,0,1292,202410,0.8271666666666667,0.9297557928672174,0.968266253869969,0.74465775
PR00460,20241008,P2,L1,16,14.943,0.007143,1886,52,37,60,1975,202410,0.9339375,0.9440825135514956,0.9549367088607595,0.841981125
PR00461,20241009,P2,L1,16,13.796,0.007143,1876,27,21,60,1923,202410,0.86225,0.9956501159756451,0.9755590223608944,0.83751675
PR00462,20241010,P2,L1,8,7.835,0.007143,966,30,7,0,1003,202410,0.979375,0.9144134014039567,0.963110667996012,0.86251725
PR00463,20241011,P2,L1,8,7.378,0.007143,936,12,8,30,955,202410,0.92225,0.924581865004066,0.9801047120418848,0.8357309999999999
PR00464,20241014,P2,L1,12,11.162,0.007143,1404,36,9,30,1448,202410,0.9301666666666667,0.9266317864182045,0.9696132596685083,0.835731
PR00465,20241015,P2,L1,12,11.757,0.007143,1499,30,8,0,1537,202410,0.97975,0.9338088798162796,0.9752765126870527,0.8922797499999999
PR00466,20241017,P2,L1,12,11.838,0.007143,1587,32,21,0,1639,202410,0.9864999999999999,0.9889657881398884,0.9682733374008542,0.9446617499999999
PR00467,20241018,P2,L1,12,11.157,0.007143,1419,24,27,30,1470,202410,0.92975,0.9411320247378329,0.9653061224489796,0.8446597500000002
PR00468,20241021,P2,L1,8,6.476,0.007143,819,15,8,45,842,202410,0.8095,0.9287223594811612,0.9726840855106889,0.731264625
PR00469,20241022,P2,L1,16,14.368,0.007143,1810,88,23,45,1920,202410,0.898,0.9545211581291759,0.9427083333333334,0.8080518750000001
PR00470,20241023,P2,L1,12,11.674,0.007143,1450,67,15,0,1533,202410,0.9728333333333333,0.9380005996230941,0.9458577951728636,0.8631125000000001
PR00471,20241024,P2,L1,12,10.601,0.007143,1371,29,12,60,1412,202410,0.8834166666666667,0.95141175360815,0.9709631728045326,0.81608775
PR00472,20241025,P2,L1,12,10.679,0.007143,1393,64,13,30,1470,202410,0.8899166666666667,0.9832577956737523,0.9476190476190476,0.82918325
PR00473,20241026,P2,L1,16,15.829,0.007143,2080,31,35,0,2146,202410,0.9893125,0.9684047002337481,0.9692451071761417,0.9285899999999999
PR00474,20241028,P2,L1,16,14.98,0.007143,1933,33,11,30,1977,202410,0.93625,0.942704339118825,0.9777440566514921,0.8629636875
PR00475,20241029,P2,L1,12,11.387,0.007143,1457,31,23,30,1511,202410,0.9489166666666667,0.9478416615438657,0.9642620780939775,0.8672792500000001
PR00476,20241030,P2,L1,12,11.336,0.007143,1414,25,9,30,1448,202410,0.9446666666666667,0.9124086097388849,0.9765193370165746,0.8416834999999999
PR00477,20241031,P2,L1,16,15.871,0.007143,2044,74,31,0,2149,202410,0.9919375,0.9671921744061496,0.9511400651465798,0.91251825
PR00478,20241101,P2,L1,8,7.413,0.007143,1005,14,16,0,1034,202411,0.926625,0.9963391339538649,0.971953578336557,0.897339375
PR00479,20241102,P2,L1,12,10.132,0.007143,1286,55,12,45,1352,202411,0.8443333333333333,0.9531519936833796,0.9511834319526628,0.7654915000000001
PR00480,20241104,P2,L1,12,11.074,0.007143,1480,39,30,45,1549,202411,0.9228333333333333,0.9991427668412498,0.9554551323434474,0.8809699999999999
PR00481,20241105,P2,L1,12,10.36,0.007143,1352,49,15,60,1416,202411,0.8633333333333333,0.9763019305019305,0.9548022598870056,0.8047779999999999
PR00482,20241106,P2,L1,12,10.63,0.007143,1374,60,15,60,1449,202411,0.8858333333333334,0.9736789275634994,0.94824016563147,0.8178734999999999
PR00483,20241107,P2,L1,8,7.563,0.007143,920,36,11,0,967,202411,0.945375,0.9132990876636257,0.9513960703205792,0.8214450000000001
PR00484,20241108,P2,L1,8,7.196,0.007143,950,10,18,30,977,202411,0.8995,0.9698041967759866,0.9723643807574207,0.84823125
PR00485,20241111,P2,L1,12,11.434,0.007143,1502,31,8,0,1541,202411,0.9528333333333333,0.9626869861815638,0.9746917585983128,0.8940655000000001
PR00486,20241112,P2,L1,12,10.189,0.007143,1381,31,23,45,1435,202411,0.8490833333333333,1.0,0.9623693379790941,0.8171317653890824
PR00487,20241113,P2,L1,12,10.239,0.007143,1363,21,21,60,1405,202411,0.8532500000000001,0.9801655435101083,0.9701067615658363,0.81132575
PR00488,20241114,P2,L1,16,15.289,0.007143,1882,58,12,0,1952,202411,0.9555625,0.9119717443913926,0.9641393442622951,0.8401953750000001
PR00489,20241115,P2,L1,12,10.76,0.007143,1309,62,10,30,1382,202411,0.8966666666666666,0.9174373605947956,0.947178002894356,0.7791822500000001
PR00490,20241118,P2,L1,8,6.271,0.007143,795,10,9,45,814,202411,0.783875,0.9271889650773402,0.9766584766584766,0.709835625
PR00491,20241119,P2,L1,12,11.751,0.007143,1537,27,23,0,1588,202411,0.97925,0.96528669900434,0.9678841309823678,0.9148992499999999
PR00492,20241121,P2,L1,12,11.293,0.007143,1418,27,26,0,1470,202411,0.9410833333333333,0.9297981050208095,0.964625850340136,0.8440645000000001
PR00493,20241122,P2,L1,8,6.46,0.007143,785,32,13,60,830,202411,0.8075,0.9177538699690403,0.9457831325301205,0.700906875
PR00494,20241125,P2,L1,16,14.898,0.007143,1974,59,25,45,2058,202411,0.931125,0.98672935964559,0.9591836734693877,0.8812676249999999
PR00495,20241126,P2,L1,8,7.93,0.007143,1054,25,8,0,1087,202411,0.99125,0.979122446406053,0.9696412143514259,0.9410902499999999
PR00496,20241127,P2,L1,12,10.985,0.007143,1379,70,13,0,1461,202411,0.9154166666666667,0.9500157487482932,0.9438740588637919,0.82084975
PR00497,20241128,P2,L1,16,14.727,0.007143,1898,53,33,45,1983,202411,0.9204375,0.9618095335098799,0.957135653050933,0.8473383750000001
PR00498,20241129,P2,L1,16,15.781,0.007143,1944,52,35,0,2031,202411,0.9863125,0.9192974462961789,0.9571639586410635,0.8678745
PR00499,20241202,P2,L1,12,11.593,0.007143,1564,30,31,0,1625,202412,0.9660833333333333,1.0,0.9624615384615385,0.9298180512820513
PR00500,20241203,P2,L1,8,6.868,0.007143,911,24,11,30,946,202412,0.8585,0.9838785672684915,0.9630021141649049,0.8134091250000001
PR00501,20241204,P2,L1,12,11.044,0.007143,1494,37,8,45,1538,202412,0.9203333333333333,0.9947423035132198,0.9713914174252276,0.8893035
PR00502,20241205,P2,L1,12,10.606,0.007143,1347,59,12,30,1418,202412,0.8838333333333334,0.9550041485951348,0.9499294781382228,0.80180175
PR00503,20241206,P2,L1,8,6.21,0.007143,827,22,14,45,864,202412,0.77625,0.9938086956521739,0.9571759259259259,0.738407625
PR00504,20241210,P2,L1,12,10.692,0.007143,1450,21,28,45,1499,202412,0.891,1.0,0.9673115410273516,0.8618745830553703
PR00505,20241212,P2,L1,16,15.358,0.007143,1948,86,13,0,2048,202412,0.959875,0.9525240265659591,0.951171875,0.86966025
PR00506,20241213,P2,L1,12,10.802,0.007143,1399,66,18,60,1483,202412,0.9001666666666667,0.9806581188668765,0.9433580579905597,0.83275475
PR00507,20241214,P2,L1,8,6.664,0.007143,855,43,8,60,906,202412,0.833,0.9711221488595438,0.9437086092715232,0.763408125
PR00508,20241216,P2,L1,8,6.692,0.007143,893,13,11,60,917,202412,0.8365,0.978800209205021,0.9738276990185387,0.797337375
PR00509,20241217,P2,L1,8,7.792,0.007143,1015,17,14,0,1046,202412,0.974,0.9588780800821356,0.9703632887189293,0.9062681250000001
PR00510,20241218,P2,L1,16,15.443,0.007143,2001,47,17,0,2064,202412,0.9651875,0.9546818623324484,0.9694767441860465,0.8933214374999999
PR00511,20241219,P2,L1,16,15.269,0.007143,1994,69,16,0,2078,202412,0.9543125,0.9721104198048334,0.9595765158806545,0.890196375
PR00512,20241220,P2,L1,12,11.21,0.007143,1380,58,10,30,1448,202412,0.9341666666666667,0.9226640499553969,0.9530386740331491,0.821445
PR00513,20241221,P2,L1,16,15.141,0.007143,1927,95,20,30,2042,202412,0.9463125,0.9633449574004359,0.9436826640548482,0.8602850625
PR00514,20241222,P2,L1,12,11.465,0.007143,1421,61,19,0,1500,202412,0.9554166666666667,0.934539904055822,0.9473333333333334,0.84585025
PR00515,20241225,P2,L1,12,11.735,0.007143,1527,39,12,0,1578,202412,0.9779166666666667,0.9605158926288879,0.967680608365019,0.90894675
PR00516,20241226,P2,L1,8,6.71,0.007143,893,23,12,60,928,202412,0.83875,0.9878843517138599,0.9622844827586207,0.797337375
PR00517,20241227,P2,L1,16,15.159,0.007143,1875,43,34,0,1952,202412,0.9474375,0.9197925984563625,0.9605532786885246,0.8370703125000001
PR00518,20241230,P2,L1,12,10.989,0.007143,1465,55,22,45,1541,202412,0.9157500000000001,1.0,0.9506813757300454,0.8705864698247892
PR00519,20241231,P2,L1,12,11.554,0.007143,1534,42,17,0,1593,202412,0.9628333333333333,0.9848363337372339,0.9629629629629629,0.9131135
PR00520,20240101,P3,L2,16,15.459,0.01,1365,118,12,0,1495,202401,0.9661875,0.9670741962610778,0.9130434782608695,0.853125
PR00521,20240102,P3,L2,8,7.126,0.01,641,42,5,30,689,202401,0.89075,0.9668818411451024,0.93033381712627,0.80125
PR00522,20240103,P3,L2,16,15.156,0.01,1293,104,12,45,1409,202401,0.94725,0.9296648192135127,0.9176721078779276,0.808125
PR00523,20240104,P3,L2,8,6.804,0.01,611,53,4,30,668,202401,0.8505,0.9817754262198706,0.9146706586826348,0.76375
PR00524,20240105,P3,L2,12,10.843,0.01,1008,43,12,60,1063,202401,0.9035833333333333,0.980355990039657,0.9482596425211665,0.84
PR00525,20240108,P3,L2,12,11.018,0.01,958,65,12,45,1036,202401,0.9181666666666667,0.9402795425667089,0.9247104247104247,0.7983333333333332
PR00526,20240109,P3,L2,8,6.431,0.01,554,42,5,30,601,202401,0.803875,0.9345358420152386,0.9217970049916805,0.6924999999999999
PR00527,20240111,P3,L2,16,14.473,0.01,1303,94,11,30,1408,202401,0.9045625,0.9728459890831203,0.9254261363636364,0.814375
PR00528,20240112,P3,L2,16,15.39,0.01,1391,63,21,30,1476,202401,0.961875,0.9590643274853801,0.9424119241192412,0.869375
PR00529,20240113,P3,L2,12,10.245,0.01,915,52,8,60,976,202401,0.8537499999999999,0.9526598340653978,0.9375,0.7625
PR00530,20240114,P3,L2,16,14.8,0.01,1243,89,11,45,1343,202401,0.925,0.9074324324324323,0.9255398361876396,0.776875
PR00531,20240115,P3,L2,16,15.134,0.01,1423,74,13,45,1510,202401,0.945875,0.9977534029337914,0.9423841059602649,0.889375
PR00532,20240116,P3,L2,8,7.448,0.01,663,45,6,0,714,202401,0.931,0.9586466165413534,0.9285714285714286,0.8287500000000001
PR00533,20240117,P3,L2,8,6.207,0.01,578,26,7,0,612,202401,0.775875,0.985983566940551,0.9444444444444444,0.7225
PR00534,20240119,P3,L2,16,14.979,0.01,1364,87,26,45,1477,202401,0.9361875,0.98604713265238,0.923493568043331,0.8524999999999999
PR00535,20240121,P3,L2,12,11.839,0.01,1103,67,9,0,1178,202401,0.9865833333333334,0.9950164709857251,0.9363327674023769,0.9191666666666667
PR00536,20240122,P3,L2,12,10.888,0.01,973,71,10,60,1053,202401,0.9073333333333333,0.9671197648787656,0.9240265906932573,0.8108333333333333
PR00537,20240123,P3,L2,8,6.27,0.01,542,39,7,60,588,202401,0.78375,0.937799043062201,0.9217687074829932,0.6775
PR00538,20240124,P3,L2,8,7.136,0.01,642,33,12,30,687,202401,0.892,0.9627242152466368,0.9344978165938864,0.8025
PR00539,20240125,P3,L2,16,15.18,0.01,1344,67,12,45,1423,202401,0.94875,0.9374176548089592,0.9444834855938159,0.8400000000000001
PR00540,20240126,P3,L2,12,11.361,0.01,973,55,15,30,1043,202401,0.9467500000000001,0.918052988293284,0.9328859060402684,0.8108333333333333
PR00541,20240129,P3,L2,8,7.454,0.01,681,57,6,0,743,202401,0.93175,0.9967802522135766,0.9165545087483177,0.8512500000000001
PR00542,20240130,P3,L2,12,11.824,0.01,1016,61,18,0,1096,202401,0.9853333333333333,0.9269282814614345,0.927007299270073,0.8466666666666667
PR00543,20240131,P3,L2,8,6.423,0.01,594,37,4,45,635,202401,0.802875,0.9886345944262807,0.9354330708661417,0.7425
PR00544,20240201,P3,L2,12,10.272,0.01,906,44,9,60,958,202402,0.856,0.932632398753894,0.9457202505219207,0.7549999999999999
PR00545,20240205,P3,L2,8,6.523,0.01,616,27,10,60,653,202402,0.815375,1.0,0.9433384379785605,0.7691745788667688
PR00546,20240206,P3,L2,16,15.384,0.01,1399,104,17,30,1520,202402,0.9615,0.9880395215808633,0.9203947368421053,0.874375
PR00547,20240207,P3,L2,16,14.536,0.01,1280,80,16,45,1377,202402,0.9085,0.9473032471106219,0.9295570079883806,0.8
PR00548,20240208,P3,L2,16,14.887,0.01,1287,70,8,0,1366,202402,0.9304375,0.9175790958554443,0.9421669106881405,0.804375
PR00549,20240209,P3,L2,8,6.288,0.01,569,29,6,60,604,202402,0.786,0.960559796437659,0.9420529801324503,0.7112499999999999
PR00550,20240212,P3,L2,12,11.12,0.01,954,54,16,30,1024,202402,0.9266666666666666,0.920863309352518,0.931640625,0.795
PR00551,20240213,P3,L2,12,10.705,0.01,947,49,18,60,1014,202402,0.8920833333333333,0.9472209248014947,0.9339250493096647,0.7891666666666668
PR00552,20240214,P3,L2,12,11.348,0.01,992,51,17,30,1059,202402,0.9456666666666668,0.9332040888262249,0.9367327667610954,0.8266666666666668
PR00553,20240215,P3,L2,8,7.271,0.01,680,32,5,30,717,202402,0.908875,0.9861092009352221,0.9483960948396095,0.85
PR00554,20240216,P3,L2,12,10.718,0.01,896,75,11,60,982,202402,0.8931666666666667,0.916215711886546,0.9124236252545825,0.7466666666666667
PR00555,20240218,P3,L2,12,11.026,0.01,944,69,14,30,1027,202402,0.9188333333333333,0.9314347904951932,0.9191820837390458,0.7866666666666666
PR00556,20240219,P3,L2,8,7.805,0.01,701,32,6,0,739,202402,0.975625,0.9468289557975658,0.9485791610284168,0.8762500000000001
PR00557,20240220,P3,L2,12,10.005,0.01,864,65,6,60,935,202402,0.8337500000000001,0.9345327336331833,0.9240641711229947,0.72
PR00558,20240221,P3,L2,12,10.532,0.01,932,46,7,60,985,202402,0.8776666666666667,0.9352449677174326,0.9461928934010152,0.7766666666666667
PR00559,20240222,P3,L2,16,15.55,0.01,1324,82,23,0,1429,202402,0.971875,0.9189710610932476,0.9265220433869839,0.8275
PR00560,20240223,P3,L2,12,11.247,0.01,993,72,13,30,1077,202402,0.93725,0.957588690317418,0.9220055710306406,0.8275
PR00561,20240224,P3,L2,8,6.629,0.01,586,43,5,30,635,202402,0.828625,0.9579122039523308,0.9228346456692913,0.7325
PR00562,20240226,P3,L2,12,11.186,0.01,1003,83,14,30,1100,202402,0.9321666666666667,0.9833720722331486,0.9118181818181819,0.8358333333333334
PR00563,20240227,P3,L2,12,10.051,0.01,874,37,6,45,917,202402,0.8375833333333333,0.9123470301462541,0.9531079607415486,0.7283333333333334
PR00564,20240228,P3,L2,16,15.188,0.01,1347,74,10,30,1430,202402,0.94925,0.9415327890439821,0.941958041958042,0.841875
PR00565,20240229,P3,L2,8,6.921,0.01,643,30,4,45,677,202402,0.865125,0.9781823435919665,0.9497784342688331,0.8037500000000001
PR00566,20240301,P3,L2,12,11.599,0.01,1014,83,9,0,1106,202403,0.9665833333333333,0.9535304767652384,0.9168173598553345,0.845
PR00567,20240302,P3,L2,8,7.339,0.01,662,40,6,30,708,202403,0.917375,0.9647090884316664,0.9350282485875706,0.8275
PR00568,20240304,P3,L2,12,10.492,0.01,927,53,7,45,988,202403,0.8743333333333334,0.9416698436904308,0.9382591093117408,0.7725000000000001
PR00569,20240305,P3,L2,12,10.703,0.01,908,66,10,45,984,202403,0.8919166666666666,0.9193684013827899,0.9227642276422764,0.7566666666666666
PR00570,20240306,P3,L2,8,7.684,0.01,696,44,6,0,745,202403,0.9605,0.9695471108797501,0.934228187919463,0.87
PR00571,20240307,P3,L2,16,15.686,0.01,1329,108,21,0,1458,202403,0.980375,0.9294912660971567,0.911522633744856,0.8306250000000001
PR00572,20240308,P3,L2,16,14.561,0.01,1249,78,13,0,1340,202403,0.9100625,0.9202664652153012,0.932089552238806,0.780625
PR00573,20240309,P3,L2,16,14.746,0.01,1315,64,12,30,1391,202403,0.921625,0.9433066594330666,0.9453630481667865,0.821875
PR00574,20240310,P3,L2,12,11.132,0.01,958,72,14,45,1044,202403,0.9276666666666666,0.9378368666906216,0.9176245210727969,0.7983333333333333
PR00575,20240311,P3,L2,8,7.596,0.01,685,48,5,0,739,202403,0.9495,0.9728804634017905,0.9269282814614344,0.8562500000000001
PR00576,20240312,P3,L2,8,7.265,0.01,661,45,11,30,717,202403,0.908125,0.9869236063317275,0.9218967921896792,0.82625
PR00577,20240313,P3,L2,12,11.944,0.01,1122,58,10,0,1190,202403,0.9953333333333334,0.9963161419959812,0.9428571428571428,0.935
PR00578,20240314,P3,L2,8,7.833,0.01,674,43,6,0,722,202403,0.979125,0.9217413506957742,0.9335180055401662,0.8424999999999999
PR00579,20240315,P3,L2,8,7.236,0.01,647,45,4,0,696,202403,0.9045,0.9618573797678276,0.9295977011494253,0.80875
PR00580,20240317,P3,L2,12,10.307,0.01,935,77,8,45,1020,202403,0.8589166666666667,0.9896187057339673,0.9166666666666666,0.7791666666666667
PR00581,20240318,P3,L2,8,6.897,0.01,584,49,4,30,636,202403,0.862125,0.9221400608960417,0.9182389937106918,0.7300000000000001
PR00582,20240320,P3,L2,16,15.885,0.01,1368,86,14,0,1468,202403,0.9928125,0.9241422725841989,0.9318801089918256,0.855
PR00583,20240321,P3,L2,8,7.735,0.01,659,40,11,0,710,202403,0.966875,0.9179056237879768,0.928169014084507,0.8237500000000001
PR00584,20240322,P3,L2,16,15.136,0.01,1294,96,10,30,1400,202403,0.946,0.9249471458773785,0.9242857142857143,0.80875
PR00585,20240325,P3,L2,12,10.726,0.01,982,68,14,45,1064,202403,0.8938333333333334,0.9919820995711355,0.9229323308270677,0.8183333333333334
PR00586,20240326,P3,L2,12,11.275,0.01,940,75,5,0,1021,202403,0.9395833333333333,0.9055432372505544,0.920666013712047,0.7833333333333334
PR00587,20240327,P3,L2,12,11.065,0.01,1008,76,9,0,1093,202403,0.9220833333333333,0.9877993673746046,0.9222323879231473,0.84
PR00588,20240328,P3,L2,12,10.52,0.01,898,71,7,60,975,202403,0.8766666666666666,0.9268060836501901,0.921025641025641,0.7483333333333332
PR00589,20240329,P3,L2,8,7.321,0.01,676,36,9,0,722,202403,0.915125,0.9862040704821746,0.9362880886426593,0.845
PR00590,20240402,P3,L2,8,6.73,0.01,595,41,6,60,643,202404,0.84125,0.9554234769687964,0.9253499222395023,0.7437499999999999
PR00591,20240403,P3,L2,12,10.747,0.01,936,81,8,30,1024,202404,0.8955833333333333,0.9528240439192333,0.9140625,0.7799999999999999
PR00592,20240404,P3,L2,8,7.962,0.01,715,43,4,0,762,202404,0.99525,0.9570459683496609,0.9383202099737533,0.89375
PR00593,20240405,P3,L2,12,10.541,0.01,921,55,15,60,991,202404,0.8784166666666667,0.9401385067830377,0.929364278506559,0.7675000000000001
PR00594,20240408,P3,L2,12,11.003,0.01,1008,67,9,45,1085,202404,0.9169166666666667,0.9860947014450604,0.9290322580645162,0.8400000000000001
PR00595,20240410,P3,L2,16,15.897,0.01,1393,110,11,0,1514,202404,0.9935625,0.9523809523809524,0.9200792602377807,0.8706250000000001
PR00596,20240411,P3,L2,16,14.74,0.01,1307,99,8,60,1414,202404,0.92125,0.9592944369063773,0.9243281471004243,0.816875
PR00597,20240412,P3,L2,12,11.161,0.01,1016,44,12,30,1072,202404,0.9300833333333333,0.9604874115222651,0.9477611940298507,0.8466666666666666
PR00598,20240414,P3,L2,8,6.777,0.01,623,40,4,30,667,202404,0.847125,0.9842113029364025,0.9340329835082459,0.77875
PR00599,20240416,P3,L2,16,15.862,0.01,1477,83,26,0,1586,202404,0.991375,0.9998739124952718,0.9312736443883984,0.923125
PR00600,20240417,P3,L2,12,10.871,0.01,929,58,8,45,995,202404,0.9059166666666667,0.9152791831478245,0.9336683417085427,0.7741666666666668
PR00601,20240422,P3,L2,12,11.082,0.01,1012,59,16,30,1087,202404,0.9235000000000001,0.980869879083198,0.9310027598896045,0.8433333333333335
PR00602,20240423,P3,L2,12,11.089,0.01,956,47,5,45,1008,202404,0.9240833333333334,0.9090089277662549,0.9484126984126984,0.7966666666666667
PR00603,20240424,P3,L2,8,6.839,0.01,614,26,9,45,648,202404,0.854875,0.9475069454598626,0.9475308641975309,0.7675000000000001
PR00604,20240426,P3,L2,8,7.172,0.01,639,46,4,30,689,202404,0.8965,0.960680423870608,0.9274310595065312,0.7987500000000001
PR00605,20240428,P3,L2,12,10.542,0.01,928,46,7,30,980,202404,0.8785,0.9296148738379815,0.9469387755102041,0.7733333333333333
PR00606,20240429,P3,L2,8,6.55,0.01,568,25,7,60,601,202404,0.81875,0.917557251908397,0.9450915141430949,0.71
PR00607,20240430,P3,L2,16,14.977,0.01,1340,58,13,30,1411,202404,0.9360625,0.9421112372304199,0.9496810772501771,0.8374999999999999
PR00608,20240501,P3,L2,8,7.82,0.01,695,43,5,0,743,202405,0.9775,0.9501278772378516,0.9353970390309556,0.86875
PR00609,20240503,P3,L2,8,7.194,0.01,628,46,9,30,683,202405,0.89925,0.949402279677509,0.9194729136163983,0.785
PR00610,20240506,P3,L2,12,11.645,0.01,1013,63,15,0,1090,202405,0.9704166666666666,0.9360240446543582,0.9293577981651376,0.8441666666666667
PR00611,20240507,P3,L2,8,6.399,0.01,550,29,9,30,589,202405,0.799875,0.920456321300203,0.933786078098472,0.6875
PR00612,20240508,P3,L2,16,15.387,0.01,1318,93,18,30,1430,202405,0.9616875,0.9293559498277767,0.9216783216783216,0.82375
PR00613,20240509,P3,L2,16,15.993,0.01,1445,120,18,0,1582,202405,0.9995625,0.9891827674607641,0.9134007585335019,0.903125
PR00614,20240510,P3,L2,16,15.878,0.01,1440,97,23,0,1560,202405,0.992375,0.9824914976697317,0.9230769230769231,0.9
PR00615,20240512,P3,L2,12,11.961,0.01,1011,78,13,0,1102,202405,0.99675,0.9213276481899506,0.9174228675136116,0.8424999999999999
PR00616,20240513,P3,L2,12,10.847,0.01,968,73,13,60,1055,202405,0.9039166666666666,0.9726191573707017,0.9175355450236967,0.8066666666666668
PR00617,20240514,P3,L2,8,7.141,0.01,635,47,6,30,689,202405,0.892625,0.9648508612239183,0.9216255442670537,0.7937500000000001
PR00618,20240516,P3,L2,16,15.446,0.01,1377,73,14,0,1463,202405,0.965375,0.9471707885536709,0.9412166780587833,0.860625
PR00619,20240517,P3,L2,12,10.548,0.01,935,52,6,60,994,202405,0.879,0.9423587409935532,0.9406438631790744,0.7791666666666666
PR00620,20240520,P3,L2,8,7.219,0.01,625,47,10,30,682,202405,0.902375,0.9447291868679872,0.9164222873900293,0.78125
PR00621,20240521,P3,L2,8,7.133,0.01,635,50,6,45,691,202405,0.891625,0.9687368568624702,0.918958031837916,0.79375
PR00622,20240522,P3,L2,8,7.066,0.01,596,44,10,0,650,202405,0.88325,0.9198981035946787,0.916923076923077,0.745
PR00623,20240523,P3,L2,8,6.695,0.01,593,49,11,45,653,202405,0.836875,0.9753547423450336,0.9081163859111792,0.74125
PR00624,20240524,P3,L2,12,10.014,0.01,867,41,16,30,924,202405,0.8344999999999999,0.9227082085080888,0.9383116883116883,0.7225
PR00625,20240525,P3,L2,12,11.273,0.01,947,82,5,0,1035,202405,0.9394166666666667,0.9181229486383394,0.914975845410628,0.7891666666666667
PR00626,20240527,P3,L2,12,11.614,0.01,1077,55,17,0,1149,202405,0.9678333333333334,0.9893232305837781,0.9373368146214099,0.8975000000000001
PR00627,20240528,P3,L2,8,7.903,0.01,683,42,13,0,738,202405,0.987875,0.9338225990130331,0.9254742547425474,0.85375
PR00628,20240529,P3,L2,12,11.405,0.01,1013,56,10,30,1079,202405,0.9504166666666666,0.9460762823323106,0.9388322520852641,0.8441666666666667
PR00629,20240530,P3,L2,8,7.762,0.01,665,44,11,0,719,202405,0.97025,0.9263076526668386,0.9248956884561892,0.83125
PR00630,20240531,P3,L2,8,7.829,0.01,719,40,6,0,765,202405,0.978625,0.9771362881594075,0.9398692810457516,0.89875
PR00631,20240601,P3,L2,8,7.811,0.01,687,43,12,0,742,202406,0.976375,0.9499423889386762,0.9258760107816711,0.85875
PR00632,20240603,P3,L2,12,10.785,0.01,973,56,11,60,1040,202406,0.89875,0.9643022716736208,0.9355769230769231,0.8108333333333335
PR00633,20240604,P3,L2,12,10.228,0.01,866,73,6,45,946,202406,0.8523333333333333,0.9249120062573329,0.9154334038054969,0.7216666666666668
PR00634,20240605,P3,L2,16,14.287,0.01,1224,96,13,60,1333,202406,0.8929375,0.9330160285574298,0.9182295573893473,0.765
PR00635,20240606,P3,L2,12,10.826,0.01,915,77,12,45,1003,202406,0.9021666666666667,0.9264733050064659,0.9122632103688934,0.7625000000000001
PR00636,20240607,P3,L2,12,10.727,0.01,933,43,15,45,991,202406,0.8939166666666667,0.9238370467045772,0.941473259334006,0.7775
PR00637,20240609,P3,L2,8,7.043,0.01,588,50,5,30,643,202406,0.880375,0.9129632258980548,0.9144634525660964,0.735
PR00638,20240610,P3,L2,8,7.24,0.01,687,29,3,30,720,202406,0.905,0.994475138121547,0.9541666666666667,0.85875
PR00639,20240611,P3,L2,12,10.602,0.01,913,55,15,60,983,202406,0.8835000000000001,0.9271835502735333,0.9287894201424212,0.7608333333333334
PR00640,20240612,P3,L2,12,9.551,0.01,812,69,8,60,889,202406,0.7959166666666667,0.9307925871636479,0.9133858267716536,0.6766666666666669
PR00641,20240614,P3,L2,8,7.058,0.01,653,38,5,30,696,202406,0.88225,0.9861150467554548,0.9382183908045977,0.81625
PR00642,20240616,P3,L2,8,7.764,0.01,650,56,5,0,711,202406,0.9705,0.9157650695517775,0.9142053445850914,0.8125
PR00643,20240617,P3,L2,8,6.821,0.01,597,43,6,0,646,202406,0.852625,0.947075208913649,0.9241486068111455,0.74625
PR00644,20240618,P3,L2,12,10.327,0.01,925,53,16,45,994,202406,0.8605833333333334,0.962525418805074,0.9305835010060363,0.7708333333333334
PR00645,20240619,P3,L2,8,7.088,0.01,656,43,9,0,708,202406,0.886,0.9988713318284425,0.9265536723163842,0.8200000000000001
PR00646,20240620,P3,L2,12,10.707,0.01,968,60,9,30,1037,202406,0.8922500000000001,0.9685252638460821,0.9334619093539055,0.8066666666666669
PR00647,20240624,P3,L2,16,14.557,0.01,1227,103,13,45,1343,202406,0.9098125,0.9225802019646905,0.913626209977662,0.766875
PR00648,20240626,P3,L2,16,15.16,0.01,1286,105,9,0,1400,202406,0.9475,0.9234828496042217,0.9185714285714286,0.80375
PR00649,20240628,P3,L2,16,14.302,0.01,1273,102,21,60,1395,202406,0.893875,0.9753880576143198,0.9125448028673835,0.795625
PR00650,20240701,P3,L2,16,14.22,0.01,1239,78,18,30,1335,202407,0.88875,0.9388185654008439,0.9280898876404494,0.7743749999999999
PR00651,20240702,P3,L2,16,14.876,0.01,1315,109,15,30,1438,202407,0.92975,0.966657703683786,0.9144645340751043,0.821875
PR00652,20240703,P3,L2,12,10.451,0.01,963,64,13,60,1039,202407,0.8709166666666667,0.9941632379676586,0.9268527430221367,0.8025000000000001
PR00653,20240705,P3,L2,12,10.593,0.01,916,65,13,45,994,202407,0.88275,0.9383555177947701,0.9215291750503019,0.7633333333333334
PR00654,20240708,P3,L2,12,11.772,0.01,1055,73,5,0,1133,202407,0.981,0.9624532789670405,0.9311562224183584,0.8791666666666668
PR00655,20240709,P3,L2,16,15.459,0.01,1381,68,16,0,1466,202407,0.9661875,0.9483148974707291,0.942019099590723,0.863125
PR00656,20240712,P3,L2,8,7.32,0.01,635,49,11,30,695,202407,0.915,0.9494535519125683,0.9136690647482014,0.79375
PR00657,20240715,P3,L2,12,11.753,0.01,1085,67,15,0,1166,202407,0.9794166666666667,0.9920871266910576,0.9305317324185248,0.9041666666666667
PR00658,20240716,P3,L2,8,6.591,0.01,559,42,6,45,607,202407,0.823875,0.9209528144439387,0.9209225700164745,0.6987500000000001
PR00659,20240718,P3,L2,8,7.775,0.01,712,51,12,0,775,202407,0.971875,0.9967845659163986,0.9187096774193548,0.89
PR00660,20240719,P3,L2,16,14.873,0.01,1392,68,19,30,1479,202407,0.9295625,0.9944194177368386,0.9411764705882353,0.87
PR00661,20240720,P3,L2,16,14.677,0.01,1321,56,8,30,1384,202407,0.9173125,0.9429719970021122,0.9544797687861272,0.8256249999999999
PR00662,20240722,P3,L2,16,14.999,0.01,1363,103,13,30,1478,202407,0.9374375,0.9853990266017735,0.922192151556157,0.851875
PR00663,20240723,P3,L2,16,15.131,0.01,1317,58,22,45,1397,202407,0.9456875,0.9232701077258608,0.9427344309234073,0.823125
PR00664,20240724,P3,L2,12,11.685,0.01,1037,79,14,0,1130,202407,0.97375,0.9670517757809157,0.9176991150442478,0.8641666666666667
PR00665,20240725,P3,L2,12,10.407,0.01,985,45,6,45,1036,202407,0.86725,0.9954838089747285,0.9507722007722008,0.8208333333333333
PR00666,20240726,P3,L2,8,6.526,0.01,597,42,6,45,645,202407,0.81575,0.9883542752068649,0.9255813953488372,0.74625
PR00667,20240727,P3,L2,8,6.641,0.01,560,47,8,60,615,202407,0.830125,0.9260653516036742,0.9105691056910569,0.7
PR00668,20240729,P3,L2,12,11.122,0.01,1017,73,6,45,1097,202407,0.9268333333333333,0.986333393274591,0.927073837739289,0.8475
PR00669,20240730,P3,L2,16,14.918,0.01,1296,98,21,0,1415,202407,0.932375,0.9485185681726773,0.9159010600706714,0.81
PR00670,20240801,P3,L2,8,7.331,0.01,614,51,10,0,675,202408,0.916375,0.9207475105715455,0.9096296296296297,0.7675000000000001
PR00671,20240802,P3,L2,12,10.826,0.01,938,70,16,30,1025,202408,0.9021666666666667,0.946794753371513,0.9151219512195122,0.7816666666666666
PR00672,20240803,P3,L2,12,10.341,0.01,914,68,6,45,988,202408,0.8617499999999999,0.955420172130355,0.9251012145748988,0.7616666666666667
PR00673,20240804,P3,L2,12,11.156,0.01,1013,79,17,45,1110,202408,0.9296666666666668,0.9949802796701326,0.9126126126126126,0.8441666666666667
PR00674,20240805,P3,L2,16,15.736,0.01,1426,99,18,0,1544,202408,0.9835,0.9811896288764616,0.9235751295336787,0.8912499999999999
PR00675,20240806,P3,L2,12,11.163,0.01,1013,68,13,30,1094,202408,0.93025,0.980023291229956,0.9259597806215722,0.8441666666666666
PR00676,20240807,P3,L2,16,14.988,0.01,1357,61,21,45,1439,202408,0.93675,0.9601014144649054,0.9430159833217512,0.848125
PR00677,20240808,P3,L2,12,11.504,0.01,1011,60,16,0,1087,202408,0.9586666666666667,0.9448887343532686,0.9300827966881324,0.8425000000000001
PR00678,20240809,P3,L2,16,14.867,0.01,1359,71,17,0,1447,202408,0.9291875,0.973296562857335,0.9391845196959226,0.8493750000000001
PR00679,20240810,P3,L2,8,5.893,0.01,495,40,6,30,542,202408,0.736625,0.9197352791447481,0.9132841328413284,0.6187499999999999
PR00680,20240812,P3,L2,12,11.329,0.01,986,81,19,30,1086,202408,0.9440833333333334,0.9586018183423073,0.9079189686924494,0.8216666666666667
PR00681,20240813,P3,L2,8,6.447,0.01,553,29,3,60,585,202408,0.805875,0.9073987901349465,0.9452991452991453,0.69125
PR00682,20240814,P3,L2,12,11.532,0.01,1055,45,15,0,1116,202408,0.961,0.967741935483871,0.9453405017921147,0.8791666666666668
PR00683,20240815,P3,L2,12,10.342,0.01,898,45,13,45,956,202408,0.8618333333333333,0.9243859988396829,0.9393305439330544,0.7483333333333333
PR00684,20240816,P3,L2,8,6.92,0.01,630,31,10,30,670,202408,0.865,0.9682080924855492,0.9402985074626866,0.7875000000000001
PR00685,20240819,P3,L2,16,15.938,0.01,1404,68,25,0,1497,202408,0.996125,0.939264650520768,0.9378757515030061,0.8775000000000001
PR00686,20240821,P3,L2,12,11.501,0.01,1066,50,19,0,1134,202408,0.9584166666666666,0.9860012172854534,0.9400352733686067,0.8883333333333333
PR00687,20240822,P3,L2,8,6.6,0.01,604,38,11,0,652,202408,0.825,0.987878787878788,0.9263803680981595,0.755
PR00688,20240823,P3,L2,12,10.365,0.01,885,58,8,60,951,202408,0.86375,0.9175108538350216,0.9305993690851735,0.7374999999999999
PR00689,20240826,P3,L2,16,15.409,0.01,1291,97,12,30,1400,202408,0.9630625,0.9085599325069764,0.9221428571428572,0.806875
PR00690,20240827,P3,L2,8,5.964,0.01,496,43,4,60,544,202408,0.7455,0.9121395036887995,0.9117647058823529,0.62
PR00691,20240828,P3,L2,8,7.659,0.01,669,47,12,0,728,202408,0.957375,0.9505157331244288,0.9189560439560439,0.8362499999999999
PR00692,20240829,P3,L2,12,11.676,0.01,1033,46,16,0,1094,202408,0.973,0.9369647139431312,0.9442413162705667,0.8608333333333333
PR00693,20240830,P3,L2,12,10.87,0.01,927,56,14,30,996,202408,0.9058333333333333,0.9162833486660535,0.9307228915662651,0.7725000000000001
PR00694,20240902,P3,L2,12,11.034,0.01,955,69,8,30,1032,202409,0.9195000000000001,0.9352909189777052,0.9253875968992248,0.7958333333333333
PR00695,20240903,P3,L2,8,7.849,0.01,666,44,13,0,723,202409,0.981125,0.9211364505032489,0.921161825726141,0.8325
PR00696,20240904,P3,L2,8,7.594,0.01,685,44,9,0,738,202409,0.94925,0.9718198577824598,0.9281842818428184,0.85625
PR00697,20240905,P3,L2,12,11.189,0.01,964,82,12,0,1057,202409,0.9324166666666667,0.9446778085619806,0.9120151371807,0.8033333333333333
PR00698,20240908,P3,L2,12,10.84,0.01,983,77,12,45,1071,202409,0.9033333333333333,0.9880073800738008,0.9178338001867413,0.8191666666666667
PR00699,20240910,P3,L2,8,7.0,0.01,635,49,11,45,695,202409,0.875,0.9928571428571429,0.9136690647482014,0.79375
PR00700,20240911,P3,L2,16,15.523,0.01,1340,65,23,0,1429,202409,0.9701875,0.9205694775494428,0.9377186843946816,0.8375000000000001
PR00701,20240912,P3,L2,16,15.101,0.01,1370,109,25,0,1503,202409,0.9438125,0.9952983246142639,0.9115103127079175,0.8562500000000001
PR00702,20240913,P3,L2,8,7.222,0.01,649,31,3,0,683,202409,0.90275,0.9457214068125173,0.9502196193265008,0.81125
PR00703,20240914,P3,L2,16,14.868,0.01,1343,56,22,30,1421,202409,0.92925,0.955743879472693,0.9451090781140042,0.8393750000000001
PR00704,20240915,P3,L2,12,11.538,0.01,1028,62,14,0,1104,202409,0.9615,0.9568382735309413,0.9311594202898551,0.8566666666666667
PR00705,20240916,P3,L2,8,7.514,0.01,663,52,12,0,727,202409,0.93925,0.9675272824061751,0.9119669876203577,0.8287500000000001
PR00706,20240917,P3,L2,12,11.671,0.01,1074,68,9,0,1151,202409,0.9725833333333332,0.9862051238111559,0.9331016507384883,0.8949999999999999
PR00707,20240918,P3,L2,8,7.222,0.01,614,48,8,0,670,202409,0.90275,0.9277208529493215,0.9164179104477612,0.7675000000000001
PR00708,20240919,P3,L2,12,11.857,0.01,1003,67,6,0,1077,202409,0.9880833333333333,0.9083241966770684,0.9312906220984215,0.8358333333333333
PR00709,20240921,P3,L2,8,7.938,0.01,676,47,10,0,732,202409,0.99225,0.9221466364323508,0.9234972677595629,0.8450000000000001
PR00710,20240922,P3,L2,8,7.43,0.01,672,34,12,0,718,202409,0.92875,0.9663526244952894,0.935933147632312,0.84
PR00711,20240923,P3,L2,12,11.105,0.01,952,56,8,30,1016,202409,0.9254166666666667,0.914903196758217,0.937007874015748,0.7933333333333332
PR00712,20240924,P3,L2,12,11.524,0.01,1082,45,6,0,1133,202409,0.9603333333333333,0.9831655675112809,0.9549867608120035,0.9016666666666667
PR00713,20240925,P3,L2,12,11.892,0.01,1052,44,14,0,1110,202409,0.991,0.9334006054490414,0.9477477477477477,0.8766666666666666
PR00714,20240927,P3,L2,12,11.72,0.01,996,85,8,0,1089,202409,0.9766666666666667,0.9291808873720137,0.9146005509641874,0.83
PR00715,20240930,P3,L2,8,6.316,0.01,562,43,6,30,611,202409,0.7895,0.9673844205193161,0.9198036006546645,0.7025
PR00716,20241001,P3,L2,16,15.381,0.01,1343,81,9,0,1432,202410,0.9613125,0.9310187894155126,0.9378491620111732,0.839375
PR00717,20241002,P3,L2,8,6.818,0.01,613,35,8,45,656,202410,0.85225,0.9621589909064243,0.9344512195121951,0.7662500000000001
PR00718,20241003,P3,L2,12,11.927,0.01,1057,91,12,0,1160,202410,0.9939166666666667,0.9725832145552109,0.9112068965517242,0.8808333333333334
PR00719,20241004,P3,L2,12,10.492,0.01,925,54,11,45,989,202410,0.8743333333333334,0.9426229508196721,0.9352881698685541,0.7708333333333334
PR00720,20241007,P3,L2,12,11.043,0.01,954,66,14,45,1034,202410,0.9202499999999999,0.9363397627456308,0.9226305609284333,0.795
PR00721,20241008,P3,L2,8,7.231,0.01,629,48,5,0,682,202410,0.903875,0.9431613884663256,0.9222873900293255,0.78625
PR00722,20241009,P3,L2,16,15.114,0.01,1322,64,20,30,1406,202410,0.944625,0.9302633320100568,0.9402560455192034,0.82625
PR00723,20241010,P3,L2,8,7.73,0.01,707,41,10,0,758,202410,0.96625,0.9805950840879689,0.9327176781002638,0.88375
PR00724,20241011,P3,L2,8,7.339,0.01,649,40,5,0,695,202410,0.917375,0.9469955034745878,0.9338129496402877,0.81125
PR00725,20241014,P3,L2,8,6.006,0.01,521,43,6,30,570,202410,0.75075,0.949050949050949,0.9140350877192982,0.65125
PR00726,20241015,P3,L2,8,7.343,0.01,653,52,9,30,714,202410,0.917875,0.9723546234509057,0.9145658263305322,0.81625
PR00727,20241016,P3,L2,8,7.682,0.01,644,54,13,0,710,202410,0.96025,0.924238479562614,0.9070422535211268,0.805
PR00728,20241017,P3,L2,12,11.18,0.01,962,80,18,30,1060,202410,0.9316666666666666,0.9481216457960644,0.9075471698113208,0.8016666666666666
PR00729,20241018,P3,L2,8,6.004,0.01,525,23,8,60,556,202410,0.7505,0.9260493004663559,0.9442446043165468,0.6562500000000001
PR00730,20241021,P3,L2,8,7.709,0.01,705,30,4,0,739,202410,0.963625,0.958619795044753,0.9539918809201624,0.8812500000000001
PR00731,20241022,P3,L2,8,7.404,0.01,681,36,7,0,725,202410,0.9255,0.9792004321988115,0.9393103448275862,0.8512500000000001
PR00732,20241024,P3,L2,12,11.59,0.01,1058,78,20,0,1156,202410,0.9658333333333333,0.9974115616911131,0.9152249134948097,0.8816666666666667
PR00733,20241025,P3,L2,16,14.847,0.01,1350,73,26,45,1449,202410,0.9279375,0.975954738330976,0.9316770186335404,0.84375
PR00734,20241028,P3,L2,8,7.042,0.01,650,37,10,45,698,202410,0.88025,0.9911956830445897,0.9312320916905444,0.8125000000000001
PR00735,20241029,P3,L2,16,14.426,0.01,1280,84,20,45,1384,202410,0.901625,0.9593788992097602,0.9248554913294798,0.7999999999999999
PR00736,20241030,P3,L2,12,10.987,0.01,936,64,7,60,1007,202410,0.9155833333333333,0.9165377264039319,0.929493545183714,0.7799999999999999
PR00737,20241031,P3,L2,12,10.999,0.01,1019,65,12,30,1097,202410,0.9165833333333334,0.9973633966724248,0.9288969917958068,0.8491666666666668
PR00738,20241101,P3,L2,12,11.246,0.01,1003,81,19,0,1103,202411,0.9371666666666667,0.9807931709052107,0.9093381686310064,0.8358333333333333
PR00739,20241102,P3,L2,8,6.886,0.01,606,44,10,45,660,202411,0.86075,0.9584664536741214,0.9181818181818182,0.7575000000000001
PR00740,20241103,P3,L2,12,11.378,0.01,1053,68,13,0,1133,202411,0.9481666666666667,0.9957813323958516,0.9293909973521624,0.8775
PR00741,20241104,P3,L2,12,10.643,0.01,935,57,8,60,1000,202411,0.8869166666666667,0.939584703561026,0.935,0.7791666666666667
PR00742,20241105,P3,L2,16,14.622,0.01,1336,72,11,60,1419,202411,0.913875,0.9704554780467788,0.9415081042988019,0.835
PR00743,20241106,P3,L2,16,15.012,0.01,1371,97,22,45,1491,202411,0.93825,0.9932054356514788,0.9195171026156942,0.856875
PR00744,20241107,P3,L2,16,14.672,0.01,1286,61,19,60,1366,202411,0.917,0.9310250817884406,0.9414348462664714,0.80375
PR00745,20241108,P3,L2,8,5.935,0.01,509,34,9,45,551,202411,0.741875,0.928390901432182,0.9237749546279492,0.63625
PR00746,20241112,P3,L2,8,6.855,0.01,625,32,3,0,660,202411,0.856875,0.962800875273523,0.946969696969697,0.7812500000000001
PR00747,20241113,P3,L2,12,11.166,0.01,1000,51,18,0,1068,202411,0.9305,0.9564750134336377,0.9363295880149812,0.8333333333333331
PR00748,20241114,P3,L2,12,10.99,0.01,956,41,6,45,1003,202411,0.9158333333333334,0.9126478616924476,0.9531405782652044,0.7966666666666666
PR00749,20241115,P3,L2,12,11.108,0.01,933,77,13,30,1024,202411,0.9256666666666667,0.9218581202736766,0.9111328125,0.7775000000000001
PR00750,20241118,P3,L2,16,14.183,0.01,1283,100,11,60,1394,202411,0.8864375,0.9828668123810195,0.9203730272596844,0.801875
PR00751,20241119,P3,L2,12,10.295,0.01,905,49,11,45,965,202411,0.8579166666666667,0.9373482272948034,0.9378238341968912,0.7541666666666667
PR00752,20241120,P3,L2,12,11.104,0.01,978,72,8,45,1059,202411,0.9253333333333332,0.9537103746397695,0.9235127478753541,0.815
PR00753,20241121,P3,L2,16,14.656,0.01,1258,94,24,60,1376,202411,0.916,0.9388646288209607,0.9142441860465116,0.78625
PR00754,20241122,P3,L2,12,11.372,0.01,1042,63,9,0,1113,202411,0.9476666666666667,0.9787196623285263,0.9362084456424079,0.8683333333333333
PR00755,20241124,P3,L2,16,14.182,0.01,1222,87,6,60,1315,202411,0.886375,0.9272317021576646,0.929277566539924,0.76375
PR00756,20241125,P3,L2,8,7.709,0.01,722,30,8,0,761,202411,0.963625,0.987157867427682,0.9487516425755584,0.9025
PR00757,20241126,P3,L2,12,10.886,0.01,1012,44,19,60,1075,202411,0.9071666666666666,0.9875068895829506,0.9413953488372093,0.8433333333333333
PR00758,20241128,P3,L2,12,11.458,0.01,1058,51,13,0,1122,202411,0.9548333333333333,0.9792284866468843,0.9429590017825312,0.8816666666666667
PR00759,20241129,P3,L2,12,9.852,0.01,888,39,7,60,934,202411,0.8210000000000001,0.9480308566788469,0.9507494646680942,0.74
PR00760,20241201,P3,L2,8,7.572,0.01,698,51,4,0,753,202412,0.9465,0.9944532488114105,0.9269588313413014,0.8724999999999999
PR00761,20241202,P3,L2,8,5.956,0.01,532,44,5,30,580,202412,0.7445,0.9738079247817326,0.9172413793103448,0.6649999999999999
PR00762,20241203,P3,L2,12,11.602,0.01,1027,76,9,0,1112,202412,0.9668333333333333,0.9584554387174625,0.9235611510791367,0.8558333333333333
PR00763,20241204,P3,L2,8,7.905,0.01,684,55,5,0,743,202412,0.988125,0.9399114484503478,0.9205921938088829,0.855
PR00764,20241205,P3,L2,8,7.66,0.01,711,43,11,0,765,202412,0.9575,0.9986945169712794,0.9294117647058824,0.88875
PR00765,20241206,P3,L2,12,11.139,0.01,986,69,14,45,1070,202412,0.9282499999999999,0.9605889218062664,0.9214953271028037,0.8216666666666667
PR00766,20241209,P3,L2,16,15.08,0.01,1338,101,10,45,1449,202412,0.9425,0.9608753315649867,0.9233954451345756,0.83625
PR00767,20241210,P3,L2,8,6.595,0.01,593,31,9,60,633,202412,0.824375,0.9598180439727066,0.9368088467614534,0.74125
PR00768,20241211,P3,L2,16,15.04,0.01,1350,57,9,0,1416,202412,0.94,0.9414893617021277,0.9533898305084746,0.84375
PR00769,20241212,P3,L2,8,6.22,0.01,547,25,3,60,575,202412,0.7775,0.9244372990353699,0.951304347826087,0.68375
PR00770,20241213,P3,L2,8,6.573,0.01,565,34,10,60,609,202412,0.821625,0.926517571884984,0.9277504105090312,0.7062499999999999
PR00771,20241216,P3,L2,8,7.59,0.01,696,49,10,0,755,202412,0.94875,0.994729907773386,0.9218543046357616,0.87
PR00772,20241217,P3,L2,12,10.666,0.01,943,73,8,60,1024,202412,0.8888333333333334,0.9600600037502344,0.9208984375,0.7858333333333334
PR00773,20241218,P3,L2,16,15.309,0.01,1419,72,14,0,1505,202412,0.9568125,0.9830818472793782,0.9428571428571428,0.886875
PR00774,20241219,P3,L2,8,6.735,0.01,584,42,12,60,637,202412,0.841875,0.9458054936896807,0.9167974882260597,0.73
PR00775,20241220,P3,L2,12,11.105,0.01,1017,78,12,30,1107,202412,0.9254166666666667,0.9968482665466006,0.9186991869918699,0.8475
PR00776,20241222,P3,L2,16,14.846,0.01,1333,67,24,45,1423,202412,0.927875,0.9585073420449953,0.9367533380182712,0.833125
PR00777,20241223,P3,L2,12,10.778,0.01,927,56,17,45,1000,202412,0.8981666666666667,0.9278159213212098,0.927,0.7725
PR00778,20241225,P3,L2,12,10.876,0.01,947,54,18,45,1019,202412,0.9063333333333333,0.9369253401986024,0.929342492639843,0.7891666666666667
PR00779,20241226,P3,L2,12,11.29,0.01,1026,80,12,0,1119,202412,0.9408333333333333,0.9911426040744021,0.9168900804289544,0.855
PR00780,20241227,P3,L2,12,11.174,0.01,1055,50,13,30,1117,202412,0.9311666666666666,0.9996420261320924,0.9444941808415398,0.8791666666666665
PR00781,20241230,P3,L2,12,10.336,0.01,897,63,13,60,972,202412,0.8613333333333334,0.9404024767801858,0.9228395061728395,0.7475000000000002
PR00782,20241231,P3,L2,16,15.322,0.01,1354,79,15,30,1449,202412,0.957625,0.9456989949092809,0.9344375431331953,0.84625
PR00783,20240101,P4,L3,12,11.655,0.005,2181,75,37,0,2293,202401,0.97125,0.9836979836979838,0.951155691234191,0.90875
PR00784,20240102,P4,L3,16,14.362,0.005,2501,88,42,60,2631,202401,0.897625,0.9159587801141903,0.9505891296085138,0.7815625
PR00785,20240103,P4,L3,12,11.855,0.005,2124,30,30,0,2184,202401,0.9879166666666667,0.9211303247574862,0.9725274725274725,0.8849999999999999
PR00786,20240104,P4,L3,12,11.712,0.005,2167,105,25,0,2297,202401,0.976,0.9806181693989071,0.9434044405746626,0.9029166666666666
PR00787,20240106,P4,L3,12,10.246,0.005,1937,75,19,30,2031,202401,0.8538333333333333,0.9911184852625414,0.9537173806006893,0.8070833333333333
PR00788,20240108,P4,L3,12,11.228,0.005,2078,61,41,0,2180,202401,0.9356666666666666,0.970787317420734,0.9532110091743119,0.8658333333333335
PR00789,20240109,P4,L3,12,11.348,0.005,2135,55,23,0,2213,202401,0.9456666666666668,0.9750616848783925,0.9647537279710799,0.8895833333333332
PR00790,20240110,P4,L3,8,7.056,0.005,1307,55,23,30,1385,202401,0.882,0.9814342403628118,0.9436823104693141,0.8168749999999999
PR00791,20240111,P4,L3,12,10.943,0.005,1994,85,16,30,2095,202401,0.9119166666666666,0.957232934295897,0.9517899761336516,0.8308333333333333
PR00792,20240112,P4,L3,8,7.189,0.005,1282,61,21,30,1364,202401,0.898625,0.948671581582974,0.9398826979472141,0.8012500000000001
PR00793,20240114,P4,L3,16,15.656,0.005,2762,86,22,0,2870,202401,0.9785,0.9165815022994379,0.9623693379790941,0.863125
PR00794,20240115,P4,L3,8,7.218,0.005,1261,43,17,30,1321,202401,0.90225,0.9150734275422555,0.9545798637395913,0.7881250000000001
PR00795,20240117,P4,L3,12,10.072,0.005,1769,91,19,30,1879,202401,0.8393333333333333,0.9327839555202542,0.9414582224587547,0.7370833333333333
PR00796,20240118,P4,L3,8,6.619,0.005,1212,63,19,60,1294,202401,0.827375,0.9774890466837891,0.9366306027820711,0.7575
PR00797,20240119,P4,L3,12,11.626,0.005,2178,114,23,0,2315,202401,0.9688333333333333,0.9956132805780149,0.9408207343412527,0.9075000000000001
PR00798,20240120,P4,L3,8,7.929,0.005,1437,21,12,0,1470,202401,0.991125,0.9269769201664775,0.9775510204081632,0.8981250000000001
PR00799,20240122,P4,L3,12,11.845,0.005,2196,74,33,0,2304,202401,0.9870833333333334,0.9725622625580412,0.953125,0.9149999999999999
PR00800,20240123,P4,L3,12,10.314,0.005,1818,43,28,30,1889,202401,0.8595,0.9157455885204576,0.9624139756484913,0.7575000000000001
PR00801,20240126,P4,L3,12,10.788,0.005,1983,42,28,60,2053,202401,0.899,0.9515202076381165,0.9659035557720409,0.82625
PR00802,20240129,P4,L3,8,7.891,0.005,1536,16,22,0,1574,202401,0.986375,0.9973387403370929,0.9758576874205845,0.9600000000000001
PR00803,20240130,P4,L3,12,11.615,0.005,2097,94,34,0,2224,202401,0.9679166666666666,0.9573826947912183,0.9428956834532374,0.8737499999999999
PR00804,20240131,P4,L3,16,15.331,0.005,2827,117,46,30,2989,202401,0.9581875,0.9748222555606288,0.9458012713282035,0.8834375000000001
PR00805,20240201,P4,L3,12,10.968,0.005,2034,88,23,30,2145,202402,0.914,0.9778446389496718,0.9482517482517483,0.8475
PR00806,20240202,P4,L3,12,10.358,0.005,1828,94,16,60,1938,202402,0.8631666666666667,0.9355087854798223,0.9432404540763674,0.7616666666666666
PR00807,20240203,P4,L3,12,10.673,0.005,2004,26,18,60,2048,202402,0.8894166666666666,0.959430338236672,0.978515625,0.835
PR00808,20240204,P4,L3,12,9.744,0.005,1808,73,28,45,1909,202402,0.8119999999999999,0.9795771756978654,0.9470927187008905,0.7533333333333333
PR00809,20240205,P4,L3,12,10.352,0.005,1939,58,18,30,2015,202402,0.8626666666666667,0.973241885625966,0.9622828784119106,0.8079166666666666
PR00810,20240206,P4,L3,12,11.759,0.005,2181,58,14,0,2253,202402,0.9799166666666667,0.9579896249681096,0.9680426098535286,0.9087500000000001
PR00811,20240207,P4,L3,12,11.225,0.005,2124,53,19,30,2195,202402,0.9354166666666667,0.977728285077951,0.9676537585421412,0.8849999999999999
PR00812,20240208,P4,L3,12,11.622,0.005,2170,86,42,0,2299,202402,0.9685,0.9890724488039925,0.9438886472379295,0.9041666666666668
PR00813,20240209,P4,L3,8,6.96,0.005,1312,16,7,30,1334,202402,0.87,0.9583333333333334,0.9835082458770614,0.82
PR00814,20240212,P4,L3,16,14.874,0.005,2800,74,50,45,2924,202402,0.929625,0.9829232217291919,0.957592339261286,0.8750000000000001
PR00815,20240213,P4,L3,16,15.199,0.005,2895,84,50,30,3029,202402,0.9499375,0.9964471346799131,0.9557609772202047,0.9046875
PR00816,20240216,P4,L3,8,6.209,0.005,1089,56,12,45,1156,202402,0.776125,0.9309067482686424,0.9420415224913494,0.680625
PR00817,20240219,P4,L3,16,14.547,0.005,2720,56,39,30,2814,202402,0.9091875,0.9672097339657661,0.9665955934612651,0.85
PR00818,20240220,P4,L3,8,7.831,0.005,1383,50,9,0,1442,202402,0.978875,0.9206997829140594,0.9590846047156727,0.864375
PR00819,20240221,P4,L3,16,15.67,0.005,2790,55,54,0,2899,202402,0.979375,0.9250159540523294,0.9624008278716799,0.8718750000000001
PR00820,20240222,P4,L3,12,11.086,0.005,2150,41,23,0,2214,202402,0.9238333333333334,0.9985567382283962,0.971093044263776,0.8958333333333334
PR00821,20240223,P4,L3,8,7.543,0.005,1399,38,11,0,1448,202402,0.942875,0.9598303062442,0.9661602209944752,0.874375
PR00822,20240227,P4,L3,16,15.339,0.005,2848,108,24,30,2980,202402,0.9586875,0.9713801421213899,0.9557046979865772,0.89
PR00823,20240228,P4,L3,12,11.864,0.005,2313,34,45,0,2392,202402,0.9886666666666667,1.0,0.9669732441471572,0.9560142140468229
PR00824,20240229,P4,L3,16,14.787,0.005,2749,114,25,30,2888,202402,0.9241875,0.9765334415364847,0.9518698060941828,0.8590625
PR00825,20240301,P4,L3,12,9.692,0.005,1809,70,16,45,1895,202403,0.8076666666666666,0.9776104003301691,0.9546174142480212,0.7537499999999999
PR00826,20240304,P4,L3,8,6.646,0.005,1179,25,7,30,1210,202403,0.83075,0.9103219981944026,0.9743801652892562,0.736875
PR00827,20240305,P4,L3,12,10.262,0.005,1882,73,24,60,1980,202403,0.8551666666666667,0.964724225297213,0.9505050505050505,0.7841666666666668
PR00828,20240306,P4,L3,16,15.612,0.005,2916,78,15,0,3008,202403,0.97575,0.9633615167819627,0.9694148936170213,0.91125
PR00829,20240307,P4,L3,16,15.287,0.005,2751,127,26,0,2904,202403,0.9554375,0.9498266500948518,0.9473140495867769,0.8596875
PR00830,20240308,P4,L3,12,11.597,0.005,2194,34,19,0,2247,202403,0.9664166666666666,0.968785030611365,0.9764129951045839,0.9141666666666666
PR00831,20240309,P4,L3,12,10.914,0.005,2049,83,21,0,2152,202403,0.9095,0.9858896829759941,0.9521375464684015,0.85375
PR00832,20240310,P4,L3,12,10.67,0.005,1946,86,31,60,2063,202403,0.8891666666666667,0.9667291471415183,0.9432864760058167,0.8108333333333332
PR00833,20240311,P4,L3,16,15.239,0.005,2772,94,47,30,2913,202403,0.9524375,0.9557713760745455,0.9515962924819773,0.86625
PR00834,20240312,P4,L3,12,11.365,0.005,1988,62,26,30,2076,202403,0.9470833333333334,0.9133304003519578,0.9576107899807321,0.8283333333333334
PR00835,20240313,P4,L3,12,11.838,0.005,2228,110,22,0,2360,202403,0.9864999999999999,0.9967899983105255,0.9440677966101695,0.9283333333333333
PR00836,20240314,P4,L3,12,11.311,0.005,2075,43,20,0,2138,202403,0.9425833333333333,0.9450976925117143,0.970533208606174,0.8645833333333334
PR00837,20240315,P4,L3,12,11.198,0.005,2026,88,39,30,2154,202403,0.9331666666666667,0.961778889087337,0.9405756731662024,0.8441666666666666
PR00838,20240317,P4,L3,12,10.283,0.005,1912,51,25,60,1988,202403,0.8569166666666667,0.966643975493533,0.9617706237424547,0.7966666666666665
PR00839,20240319,P4,L3,12,10.807,0.005,1974,88,12,45,2074,202403,0.9005833333333334,0.9595632460442306,0.9517839922854388,0.8225000000000001
PR00840,20240320,P4,L3,16,15.541,0.005,2764,88,19,0,2872,202403,0.9713125,0.9240074641271475,0.9623955431754875,0.86375
PR00841,20240321,P4,L3,8,7.489,0.005,1448,33,12,0,1493,202403,0.936125,0.9967952997730004,0.9698593436034829,0.905
PR00842,20240322,P4,L3,12,10.045,0.005,1865,56,33,0,1954,202403,0.8370833333333333,0.9726231956197112,0.9544524053224156,0.7770833333333333
PR00843,20240325,P4,L3,16,14.202,0.005,2499,108,35,60,2642,202403,0.887625,0.9301506830023941,0.9458743376230129,0.7809375000000001
PR00844,20240326,P4,L3,12,10.574,0.005,1859,53,35,30,1947,202403,0.8811666666666667,0.9206544354076035,0.9548022598870056,0.7745833333333332
PR00845,20240327,P4,L3,8,7.125,0.005,1244,42,7,30,1293,202403,0.890625,0.9073684210526316,0.9621036349574633,0.7775000000000001
PR00846,20240328,P4,L3,12,10.838,0.005,2107,23,18,60,2148,202403,0.9031666666666666,0.9909577412806791,0.9809124767225326,0.8779166666666666
PR00847,20240329,P4,L3,16,15.136,0.005,2813,113,18,30,2944,202403,0.946,0.9725158562367866,0.9555027173913043,0.8790625
PR00848,20240401,P4,L3,16,14.866,0.005,2658,67,24,30,2750,202404,0.929125,0.9249293690300013,0.9665454545454546,0.8306250000000001
PR00849,20240402,P4,L3,8,6.767,0.005,1171,57,17,45,1245,202404,0.845875,0.9199054233781587,0.940562248995984,0.731875
PR00850,20240403,P4,L3,12,11.101,0.005,2062,27,35,30,2123,202404,0.9250833333333334,0.9562201603459147,0.9712670748940179,0.8591666666666666
PR00851,20240404,P4,L3,12,11.142,0.005,2082,48,16,30,2145,202404,0.9285,0.9625740441572429,0.9706293706293706,0.8675
PR00852,20240405,P4,L3,16,15.889,0.005,2797,74,53,0,2924,202404,0.9930625,0.9201334256403803,0.9565663474692202,0.8740625
PR00853,20240406,P4,L3,16,14.927,0.005,2619,125,27,30,2771,202404,0.9329375,0.9281838279627521,0.9451461566221581,0.8184375
PR00854,20240408,P4,L3,16,15.537,0.005,2952,97,27,0,3076,202404,0.9710625,0.989895089142048,0.9596879063719116,0.9225000000000001
PR00855,20240409,P4,L3,8,7.331,0.005,1354,28,9,0,1392,202404,0.916375,0.9493929886782158,0.9727011494252874,0.8462500000000001
PR00856,20240411,P4,L3,16,14.957,0.005,2838,45,26,0,2909,202404,0.9348125,0.9724543691916828,0.9755929872808525,0.886875
PR00857,20240412,P4,L3,12,10.746,0.005,1943,27,15,45,1985,202404,0.8955000000000001,0.9235994788758608,0.9788413098236776,0.8095833333333333
PR00858,20240413,P4,L3,16,14.662,0.005,2765,91,20,30,2876,202404,0.916375,0.9807666075569499,0.9614047287899861,0.8640625000000001
PR00859,20240415,P4,L3,12,11.296,0.005,2198,28,15,0,2240,202404,0.9413333333333332,0.9915014164305951,0.98125,0.9158333333333334
PR00860,20240416,P4,L3,12,11.57,0.005,2114,23,17,0,2154,202404,0.9641666666666667,0.9308556611927398,0.9814298978644382,0.8808333333333332
PR00861,20240417,P4,L3,16,15.692,0.005,2980,127,39,0,3146,202404,0.98075,1.0,0.94723458359822,0.9290003178639543
PR00862,20240418,P4,L3,12,11.64,0.005,2220,76,31,0,2327,202404,0.9700000000000001,0.9995704467353951,0.954018048990116,0.9249999999999999
PR00863,20240419,P4,L3,16,14.638,0.005,2686,122,22,30,2830,202404,0.914875,0.966662112310425,0.9491166077738515,0.839375
PR00864,20240420,P4,L3,8,7.119,0.005,1291,54,10,0,1355,202404,0.889875,0.9516786065458632,0.9527675276752767,0.806875
PR00865,20240421,P4,L3,12,11.225,0.005,2132,33,11,30,2176,202404,0.9354166666666667,0.9692650334075725,0.9797794117647058,0.8883333333333334
PR00866,20240422,P4,L3,8,6.775,0.005,1270,57,20,60,1347,202404,0.846875,0.9940959409594096,0.9428359317000743,0.7937500000000001
PR00867,20240423,P4,L3,8,7.432,0.005,1360,41,12,0,1413,202404,0.929,0.9506189451022605,0.9624911535739561,0.85
PR00868,20240424,P4,L3,12,10.827,0.005,2003,88,13,30,2105,202404,0.90225,0.9721067701117577,0.9515439429928741,0.8345833333333335
PR00869,20240425,P4,L3,12,10.09,0.005,1969,20,16,60,2005,202404,0.8408333333333333,0.9935579781962339,0.9820448877805487,0.8204166666666667
PR00870,20240426,P4,L3,16,14.113,0.005,2555,75,28,45,2658,202404,0.8820625,0.9416849713030541,0.9612490594431904,0.7984375
PR00871,20240429,P4,L3,12,10.658,0.005,1941,82,18,60,2042,202404,0.8881666666666667,0.9579658472508915,0.9505386875612145,0.8087500000000001
PR00872,20240430,P4,L3,8,7.598,0.005,1422,75,23,0,1520,202404,0.94975,1.0,0.9355263157894737,0.8885161184210526
PR00873,20240502,P4,L3,16,14.055,0.005,2460,76,39,45,2575,202405,0.8784375,0.9160441124155105,0.9553398058252427,0.7687499999999999
PR00874,20240503,P4,L3,12,10.667,0.005,2010,73,28,60,2111,202405,0.8889166666666667,0.9895003281147464,0.9521553765987684,0.8375
PR00875,20240507,P4,L3,16,14.812,0.005,2733,30,16,45,2779,202405,0.92575,0.9380907372400756,0.983447283195394,0.8540625
PR00876,20240508,P4,L3,12,11.721,0.005,2182,93,23,0,2298,202405,0.97675,0.9802917839774763,0.9495213228894691,0.9091666666666667
PR00877,20240509,P4,L3,8,7.015,0.005,1242,63,16,0,1320,202405,0.876875,0.940841054882395,0.9409090909090909,0.7762500000000001
PR00878,20240510,P4,L3,8,7.515,0.005,1370,71,18,0,1459,202405,0.939375,0.9707252162341983,0.9389993145990404,0.85625
PR00879,20240516,P4,L3,12,10.665,0.005,2050,46,20,45,2116,202405,0.8887499999999999,0.9920300046882327,0.9688090737240076,0.8541666666666667
PR00880,20240517,P4,L3,16,15.776,0.005,2900,65,53,0,3018,202405,0.986,0.9565162271805274,0.9609012591119946,0.9062499999999999
PR00881,20240520,P4,L3,16,15.633,0.005,2885,30,57,0,2972,202405,0.9770625,0.9505533167018486,0.9707267833109018,0.9015625
PR00882,20240521,P4,L3,8,7.447,0.005,1430,24,24,0,1478,202405,0.930875,0.992345911105143,0.9675236806495264,0.8937500000000002
PR00883,20240522,P4,L3,12,11.021,0.005,2019,51,38,30,2108,202405,0.9184166666666668,0.9563560475455948,0.9577798861480076,0.84125
PR00884,20240523,P4,L3,16,14.764,0.005,2676,141,53,30,2870,202405,0.92275,0.9719588187483067,0.932404181184669,0.8362499999999999
PR00885,20240524,P4,L3,12,10.921,0.005,1933,45,36,45,2014,202405,0.9100833333333332,0.9220767328999177,0.9597815292949354,0.8054166666666666
PR00886,20240525,P4,L3,12,10.931,0.005,1950,76,31,45,2056,202405,0.9109166666666666,0.9404446070807795,0.9484435797665369,0.8125
PR00887,20240526,P4,L3,16,14.629,0.005,2521,127,47,30,2694,202405,0.9143125,0.9207738054549184,0.9357832219747587,0.7878125
PR00888,20240528,P4,L3,12,10.624,0.005,1915,20,24,30,1958,202405,0.8853333333333334,0.9214984939759037,0.9780388151174668,0.7979166666666667
PR00889,20240529,P4,L3,12,10.91,0.005,1951,77,30,60,2058,202405,0.9091666666666667,0.9431714023831348,0.9480077745383868,0.8129166666666667
PR00890,20240530,P4,L3,8,6.881,0.005,1315,25,17,45,1357,202405,0.860125,0.9860485394564743,0.9690493736182756,0.821875
PR00891,20240602,P4,L3,16,14.95,0.005,2851,107,54,30,3012,202406,0.934375,1.0,0.9465471447543161,0.8844299883798141
PR00892,20240603,P4,L3,12,11.242,0.005,2022,106,15,30,2143,202406,0.9368333333333334,0.9531222202455079,0.9435370975268316,0.8425
PR00893,20240604,P4,L3,12,11.189,0.005,2106,103,41,0,2249,202406,0.9324166666666667,1.0,0.9364161849710982,0.8731300578034682
PR00894,20240605,P4,L3,12,10.882,0.005,2059,63,31,0,2153,202406,0.9068333333333333,0.9892482999448632,0.9563399907106364,0.8579166666666667
PR00895,20240606,P4,L3,12,11.601,0.005,2068,71,20,0,2160,202406,0.9667500000000001,0.9309542280837859,0.9574074074074074,0.8616666666666668
PR00896,20240607,P4,L3,8,7.365,0.005,1349,50,15,30,1414,202406,0.920625,0.9599456890699253,0.954031117397454,0.843125
PR00897,20240610,P4,L3,12,10.699,0.005,1969,39,18,45,2026,202406,0.8915833333333333,0.9468174595756613,0.9718657453109576,0.8204166666666667
PR00898,20240612,P4,L3,16,15.678,0.005,3028,38,33,0,3099,202406,0.979875,0.9883275928052048,0.9770893836721523,0.94625
PR00899,20240613,P4,L3,12,11.378,0.005,2004,75,23,30,2102,202406,0.9481666666666667,0.9237124274916505,0.9533777354900095,0.835
PR00900,20240614,P4,L3,8,6.729,0.005,1247,17,14,45,1279,202406,0.841125,0.9503640957051568,0.9749804534792806,0.779375
PR00901,20240617,P4,L3,16,15.15,0.005,2840,62,49,30,2952,202406,0.946875,0.9742574257425742,0.962059620596206,0.8875
PR00902,20240618,P4,L3,8,7.223,0.005,1397,21,8,30,1426,202406,0.902875,0.9871244635193133,0.979663394109397,0.873125
PR00903,20240619,P4,L3,12,11.739,0.005,2096,77,11,0,2183,202406,0.9782500000000001,0.9298066274810461,0.9601465872652314,0.8733333333333334
PR00904,20240620,P4,L3,12,11.126,0.005,1994,27,38,0,2060,202406,0.9271666666666666,0.9257594822937265,0.9679611650485437,0.8308333333333334
PR00905,20240621,P4,L3,12,11.861,0.005,2193,93,21,0,2306,202406,0.9884166666666667,0.9720934153949918,0.9509973980919341,0.9137499999999998
PR00906,20240624,P4,L3,16,15.198,0.005,2693,108,34,30,2835,202406,0.949875,0.9326885116462693,0.9499118165784832,0.8415625
PR00907,20240625,P4,L3,12,11.635,0.005,2220,57,20,0,2298,202406,0.9695833333333334,0.9875376020627418,0.9660574412532638,0.925
PR00908,20240626,P4,L3,16,15.91,0.005,2934,126,30,0,3090,202406,0.994375,0.9710873664362037,0.9495145631067962,0.9168750000000001
PR00909,20240627,P4,L3,8,6.885,0.005,1229,41,12,45,1282,202406,0.860625,0.9310094408133625,0.9586583463338534,0.7681250000000001
PR00910,20240628,P4,L3,12,10.656,0.005,1983,46,17,30,2046,202406,0.888,0.9600225225225225,0.969208211143695,0.82625
PR00911,20240629,P4,L3,16,15.501,0.005,2945,115,19,0,3079,202406,0.9688125,0.9931617315011935,0.9564793764209158,0.9203125
PR00912,20240701,P4,L3,12,10.877,0.005,1931,91,17,45,2039,202407,0.9064166666666668,0.9372988875609083,0.9470328592447278,0.8045833333333333
PR00913,20240703,P4,L3,8,7.703,0.005,1362,54,18,0,1434,202407,0.962875,0.9308061794106192,0.9497907949790795,0.85125
PR00914,20240704,P4,L3,12,10.381,0.005,1868,38,33,45,1938,202407,0.8650833333333333,0.9334360851555726,0.9638802889576883,0.7783333333333333
PR00915,20240705,P4,L3,12,11.25,0.005,2114,62,11,30,2187,202407,0.9375,0.9720000000000001,0.9666209419295839,0.8808333333333335
PR00916,20240708,P4,L3,8,7.387,0.005,1381,21,20,0,1422,202407,0.923375,0.9625016921619062,0.9711673699015471,0.863125
PR00917,20240709,P4,L3,16,15.789,0.005,2823,113,17,0,2952,202407,0.9868125,0.9348280448413453,0.9563008130081301,0.8821875
PR00918,20240710,P4,L3,8,6.325,0.005,1144,56,7,45,1207,202407,0.790625,0.9541501976284585,0.947804473902237,0.7150000000000001
PR00919,20240711,P4,L3,12,11.702,0.005,2257,51,23,0,2332,202407,0.9751666666666666,0.996410869936763,0.9678387650085764,0.9404166666666667
PR00920,20240712,P4,L3,16,15.771,0.005,2884,130,36,0,3051,202407,0.9856875,0.967281719611946,0.9452638479187152,0.9012500000000001
PR00921,20240714,P4,L3,12,10.812,0.005,2069,58,31,0,2158,202407,0.9009999999999999,0.9979652238253793,0.958758109360519,0.8620833333333333
PR00922,20240715,P4,L3,16,15.825,0.005,2821,80,14,0,2915,202407,0.9890625,0.9210110584518169,0.9677530017152659,0.8815625000000001
PR00923,20240716,P4,L3,8,7.372,0.005,1378,31,11,0,1421,202407,0.9215,0.963781877373847,0.9697396199859254,0.8612500000000001
PR00924,20240717,P4,L3,8,7.858,0.005,1466,46,20,0,1532,202407,0.98225,0.974802748791041,0.9569190600522193,0.91625
PR00925,20240718,P4,L3,16,14.668,0.005,2716,97,50,60,2863,202407,0.91675,0.9759340059994546,0.9486552567237164,0.84875
PR00926,20240720,P4,L3,12,10.595,0.005,1895,39,29,60,1963,202407,0.8829166666666667,0.9263803680981594,0.9653591441670912,0.7895833333333332
PR00927,20240721,P4,L3,16,15.612,0.005,2722,100,20,0,2842,202407,0.97575,0.9101972841404049,0.9577762139338494,0.8506250000000001
PR00928,20240722,P4,L3,8,6.89,0.005,1296,63,15,45,1374,202407,0.86125,0.9970972423802613,0.9432314410480349,0.8099999999999999
PR00929,20240723,P4,L3,16,14.964,0.005,2617,131,50,45,2798,202407,0.93525,0.9349104517508687,0.9353109363831308,0.8178124999999999
PR00930,20240724,P4,L3,16,15.348,0.005,2965,37,30,0,3031,202407,0.95925,0.987425071670576,0.978225008248103,0.9265625000000001
PR00931,20240725,P4,L3,12,11.387,0.005,2186,47,12,30,2245,202407,0.9489166666666667,0.9857732501975937,0.9737193763919821,0.9108333333333333
PR00932,20240726,P4,L3,16,15.076,0.005,2733,140,43,45,2916,202407,0.94225,0.9671000265322366,0.9372427983539094,0.8540625
PR00933,20240730,P4,L3,16,14.332,0.005,2576,54,49,30,2680,202407,0.89575,0.9349706949483673,0.9611940298507463,0.805
PR00934,20240731,P4,L3,8,5.705,0.005,1088,38,15,45,1141,202407,0.713125,1.0,0.9535495179666958,0.6799999999999999
PR00935,20240801,P4,L3,12,10.652,0.005,1940,59,12,60,2012,202408,0.8876666666666666,0.9444235824258357,0.9642147117296223,0.8083333333333333
PR00936,20240802,P4,L3,8,6.942,0.005,1341,25,21,30,1387,202408,0.86775,0.9989916450590608,0.9668348954578226,0.838125
PR00937,20240803,P4,L3,12,10.525,0.005,1932,96,27,60,2054,202408,0.8770833333333333,0.975771971496437,0.9406037000973709,0.8049999999999999
PR00938,20240805,P4,L3,16,15.599,0.005,2841,119,54,0,3015,202408,0.9749375,0.9664081030835311,0.9422885572139303,0.8878125
PR00939,20240806,P4,L3,8,6.74,0.005,1225,40,10,60,1275,202408,0.8425,0.9458456973293768,0.9607843137254902,0.765625
PR00940,20240807,P4,L3,16,15.244,0.005,2863,149,23,0,3036,202408,0.95275,0.9958016268695881,0.9430171277997365,0.8946875
PR00941,20240808,P4,L3,8,6.599,0.005,1277,22,15,45,1315,202408,0.824875,0.996363085315957,0.9711026615969581,0.798125
PR00942,20240812,P4,L3,16,15.731,0.005,2898,84,55,0,3036,202408,0.9831875,0.9649736189689149,0.9545454545454546,0.905625
PR00943,20240813,P4,L3,8,7.102,0.005,1256,26,22,45,1304,202408,0.88775,0.9180512531681216,0.9631901840490797,0.785
PR00944,20240814,P4,L3,12,10.765,0.005,2047,31,39,60,2118,202408,0.8970833333333333,0.9837436135624709,0.9664778092540132,0.8529166666666665
PR00945,20240815,P4,L3,12,11.687,0.005,2140,86,17,0,2242,202408,0.9739166666666667,0.9591854196970995,0.9545049063336307,0.8916666666666668
PR00946,20240816,P4,L3,12,10.721,0.005,1942,73,36,30,2051,202408,0.8934166666666666,0.9565339054192706,0.946855192588981,0.8091666666666667
PR00947,20240817,P4,L3,8,7.388,0.005,1399,33,13,0,1445,202408,0.9235,0.9779371954520846,0.9681660899653979,0.874375
PR00948,20240819,P4,L3,12,11.895,0.005,2091,94,13,0,2199,202408,0.99125,0.9243379571248425,0.9508867667121419,0.87125
PR00949,20240820,P4,L3,12,10.825,0.005,2042,96,17,30,2155,202408,0.9020833333333332,0.9953810623556583,0.9475638051044084,0.8508333333333333
PR00950,20240821,P4,L3,12,11.639,0.005,2088,54,31,0,2173,202408,0.9699166666666666,0.9334994415327778,0.9608835710998619,0.8699999999999999
PR00951,20240822,P4,L3,16,13.838,0.005,2573,90,34,60,2696,202408,0.864875,0.9741292094233271,0.9543768545994066,0.8040625
PR00952,20240824,P4,L3,12,11.457,0.005,2151,67,12,0,2230,202408,0.9547500000000001,0.9732041546652701,0.9645739910313902,0.8962500000000001
PR00953,20240826,P4,L3,12,10.723,0.005,1968,91,13,45,2072,202408,0.8935833333333334,0.9661475333395504,0.9498069498069498,0.82
PR00954,20240827,P4,L3,16,15.466,0.005,2856,53,15,0,2924,202408,0.966625,0.9452993663519981,0.9767441860465116,0.8925000000000001
PR00955,20240828,P4,L3,8,7.791,0.005,1424,34,21,0,1479,202408,0.973875,0.9491721216788602,0.9628127112914131,0.89
PR00956,20240829,P4,L3,12,10.588,0.005,1927,24,34,30,1985,202408,0.8823333333333333,0.9373819418209295,0.9707808564231738,0.8029166666666667
PR00957,20240830,P4,L3,12,10.973,0.005,1944,96,18,45,2057,202408,0.9144166666666668,0.9373006470427412,0.9450656295576082,0.81
PR00958,20240902,P4,L3,16,15.514,0.005,2946,105,54,0,3105,202409,0.969625,1.0,0.9487922705314009,0.9199727053140095
PR00959,20240904,P4,L3,12,11.288,0.005,2116,111,22,0,2249,202409,0.9406666666666667,0.996190644932672,0.94086260560249,0.8816666666666667
PR00960,20240905,P4,L3,8,7.45,0.005,1313,35,9,0,1357,202409,0.93125,0.9107382550335571,0.9675755342667649,0.820625
PR00961,20240906,P4,L3,16,14.124,0.005,2501,105,34,45,2640,202409,0.88275,0.9345794392523364,0.9473484848484849,0.7815625
PR00962,20240909,P4,L3,16,14.43,0.005,2544,104,26,60,2674,202409,0.901875,0.9265419265419266,0.9513836948391923,0.7950000000000002
PR00963,20240910,P4,L3,8,6.441,0.005,1170,32,19,0,1221,202409,0.805125,0.9478341872380066,0.9582309582309583,0.7312500000000001
PR00964,20240911,P4,L3,12,11.05,0.005,2060,30,15,0,2105,202409,0.9208333333333334,0.9524886877828054,0.9786223277909739,0.8583333333333334
PR00965,20240912,P4,L3,16,14.305,0.005,2739,80,14,45,2833,202409,0.8940625,0.9902132121635793,0.9668196258383339,0.8559375
PR00966,20240913,P4,L3,12,11.649,0.005,2086,83,23,0,2192,202409,0.9707499999999999,0.9408532921280798,0.9516423357664233,0.8691666666666666
PR00967,20240916,P4,L3,8,7.309,0.005,1377,66,13,0,1457,202409,0.913625,0.9967163770693666,0.9450926561427591,0.860625
PR00968,20240918,P4,L3,8,6.717,0.005,1212,34,7,60,1253,202409,0.839625,0.9327080541908591,0.9672785315243416,0.7575000000000001
PR00969,20240919,P4,L3,8,7.791,0.005,1451,49,25,0,1525,202409,0.973875,0.978693364138108,0.9514754098360656,0.906875
PR00970,20240920,P4,L3,8,7.148,0.005,1265,49,22,30,1336,202409,0.8935,0.9345271404588696,0.9468562874251497,0.790625
PR00971,20240923,P4,L3,8,7.14,0.005,1350,42,19,0,1412,202409,0.8925,0.9887955182072831,0.9560906515580736,0.84375
PR00972,20240924,P4,L3,8,6.343,0.005,1212,22,16,60,1250,202409,0.792875,0.985338168059278,0.9696,0.7575000000000001
PR00973,20240925,P4,L3,12,11.931,0.005,2084,101,26,0,2210,202409,0.99425,0.9261587461235439,0.9429864253393665,0.8683333333333335
PR00974,20240926,P4,L3,12,9.654,0.005,1769,26,20,45,1816,202409,0.8045,0.9405427801947379,0.9741189427312775,0.7370833333333333
PR00975,20240927,P4,L3,8,7.18,0.005,1326,60,15,30,1401,202409,0.8975,0.9756267409470752,0.9464668094218416,0.82875
PR00976,20240930,P4,L3,8,7.433,0.005,1419,49,16,0,1484,202409,0.929125,0.9982510426476524,0.956199460916442,0.886875
PR00977,20241001,P4,L3,12,10.608,0.005,1860,61,25,45,1946,202410,0.884,0.9172322775263951,0.9558067831449126,0.7749999999999999
PR00978,20241002,P4,L3,16,15.836,0.005,2887,131,55,0,3073,202410,0.98975,0.9702576408183885,0.9394728278555158,0.9021875
PR00979,20241003,P4,L3,8,7.101,0.005,1325,41,19,45,1385,202410,0.887625,0.9752147584847204,0.9566787003610109,0.828125
PR00980,20241004,P4,L3,8,6.876,0.005,1261,18,12,60,1291,202410,0.8595,0.9387725421756835,0.9767621998450813,0.788125
PR00981,20241005,P4,L3,16,13.957,0.005,2446,125,34,45,2605,202410,0.8723125,0.9332234720928566,0.9389635316698657,0.764375
PR00982,20241008,P4,L3,12,11.058,0.005,2047,102,16,30,2165,202410,0.9215,0.9789292819678063,0.9454965357967667,0.8529166666666668
PR00983,20241009,P4,L3,12,10.83,0.005,1900,53,29,60,1983,202410,0.9025,0.9155124653739612,0.9581442259203228,0.7916666666666667
PR00984,20241011,P4,L3,16,14.002,0.005,2536,34,49,60,2619,202410,0.875125,0.935223539494358,0.9683085147002672,0.7925
PR00985,20241012,P4,L3,12,11.03,0.005,2075,78,26,45,2179,202410,0.9191666666666666,0.9877606527651859,0.9522716842588343,0.8645833333333333
PR00986,20241014,P4,L3,12,10.236,0.005,1898,21,18,45,1937,202410,0.8530000000000001,0.9461703790543181,0.9798657718120806,0.7908333333333335
PR00987,20241015,P4,L3,16,14.351,0.005,2544,44,44,45,2632,202410,0.8969375,0.9170092676468539,0.9665653495440729,0.7949999999999999
PR00988,20241016,P4,L3,16,15.693,0.005,2933,117,24,0,3074,202410,0.9808125,0.9794175747148411,0.9541314248536109,0.9165625000000001
PR00989,20241017,P4,L3,12,11.142,0.005,1943,95,26,30,2064,202410,0.9285,0.9262250942380184,0.9413759689922481,0.8095833333333333
PR00990,20241020,P4,L3,12,11.248,0.005,1974,99,35,30,2109,202410,0.9373333333333332,0.9375,0.9359886201991465,0.8224999999999999
PR00991,20241021,P4,L3,12,11.581,0.005,2098,104,16,0,2217,202410,0.9650833333333333,0.9571712287367241,0.9463238610735227,0.8741666666666666
PR00992,20241022,P4,L3,8,6.979,0.005,1288,20,23,60,1331,202410,0.872375,0.9535750107465253,0.9676934635612322,0.805
PR00993,20241023,P4,L3,12,11.382,0.005,1990,99,32,0,2121,202410,0.9485,0.9317343173431735,0.9382366808109383,0.8291666666666667
PR00994,20241024,P4,L3,8,6.803,0.005,1234,13,12,0,1259,202410,0.850375,0.9253270615904748,0.9801429706115965,0.77125
PR00995,20241025,P4,L3,12,11.093,0.005,2067,78,29,30,2174,202410,0.9244166666666667,0.9798972324889571,0.9507819687212512,0.8612500000000001
PR00996,20241027,P4,L3,16,14.932,0.005,2644,125,25,45,2794,202410,0.93325,0.9355746048754353,0.9463135289906943,0.82625
PR00997,20241028,P4,L3,16,14.484,0.005,2761,80,43,0,2884,202410,0.90525,0.9955813311239989,0.9573509015256588,0.8628125
PR00998,20241029,P4,L3,12,11.241,0.005,2147,69,11,30,2227,202410,0.93675,0.9905702339649497,0.964077233947014,0.8945833333333333
PR00999,20241030,P4,L3,12,11.635,0.005,2184,22,39,0,2245,202410,0.9695833333333334,0.9647614954877525,0.9728285077951002,0.91
PR01000,20241031,P4,L3,8,6.414,0.005,1201,14,22,30,1237,202410,0.80175,0.9642968506392268,0.9708973322554567,0.750625
PR01001,20241101,P4,L3,8,7.189,0.005,1314,36,17,30,1366,202411,0.898625,0.9500625956322158,0.9619326500732065,0.82125
PR01002,20241104,P4,L3,12,10.969,0.005,1992,33,15,45,2040,202411,0.9140833333333332,0.9298933357644271,0.9764705882352941,0.83
PR01003,20241105,P4,L3,12,11.423,0.005,2092,81,16,30,2190,202411,0.9519166666666666,0.9585923137529546,0.9552511415525115,0.8716666666666667
PR01004,20241106,P4,L3,16,14.924,0.005,2745,33,26,45,2805,202411,0.93275,0.939761458054141,0.9786096256684492,0.8578125000000001
PR01005,20241107,P4,L3,12,10.568,0.005,1836,68,12,30,1915,202411,0.8806666666666666,0.9060370931112794,0.9587467362924282,0.7650000000000001
PR01006,20241108,P4,L3,8,7.51,0.005,1321,69,8,0,1398,202411,0.93875,0.9307589880159788,0.9449213161659513,0.8256249999999999
PR01007,20241111,P4,L3,12,10.486,0.005,1855,93,37,30,1985,202411,0.8738333333333334,0.9465000953652489,0.9345088161209067,0.7729166666666667
PR01008,20241113,P4,L3,8,6.636,0.005,1219,26,11,30,1257,202411,0.8295,0.9471066907775768,0.9697692919649961,0.7618750000000001
PR01009,20241114,P4,L3,16,15.35,0.005,2853,100,52,30,3006,202411,0.959375,0.9791530944625408,0.9491017964071856,0.8915625
PR01010,20241117,P4,L3,8,6.625,0.005,1237,49,9,45,1294,202411,0.828125,0.9766037735849056,0.9559505409582689,0.773125
PR01011,20241118,P4,L3,16,14.514,0.005,2760,57,15,0,2832,202411,0.907125,0.9756097560975611,0.9745762711864406,0.8624999999999999
PR01012,20241119,P4,L3,12,11.02,0.005,2078,63,15,0,2156,202411,0.9183333333333333,0.9782214156079855,0.963821892393321,0.8658333333333333
PR01013,20241120,P4,L3,8,6.82,0.005,1224,30,15,30,1268,202411,0.8525,0.9296187683284457,0.9652996845425867,0.765
PR01014,20241121,P4,L3,8,7.512,0.005,1427,22,24,0,1473,202411,0.939,0.9804313099041534,0.9687712152070604,0.8918750000000001
PR01015,20241122,P4,L3,8,7.678,0.005,1439,17,25,0,1480,202411,0.95975,0.963792654337067,0.9722972972972973,0.899375
PR01016,20241124,P4,L3,12,11.439,0.005,2034,51,17,0,2102,202411,0.95325,0.9187866072209109,0.9676498572787822,0.8475
PR01017,20241125,P4,L3,12,10.165,0.005,1883,45,32,0,1960,202411,0.8470833333333333,0.9640924741760946,0.9607142857142857,0.7845833333333334
PR01018,20241126,P4,L3,8,6.993,0.005,1295,35,20,45,1350,202411,0.874125,0.9652509652509652,0.9592592592592593,0.809375
PR01019,20241127,P4,L3,16,14.696,0.005,2731,123,19,30,2873,202411,0.9185,0.9774768644529124,0.9505743125652628,0.8534375000000001
PR01020,20241128,P4,L3,8,7.499,0.005,1410,20,13,0,1443,202411,0.937375,0.9621282837711695,0.9771309771309772,0.88125
PR01021,20241129,P4,L3,12,10.723,0.005,2012,27,13,60,2052,202411,0.8935833333333334,0.956821784948242,0.9805068226120858,0.8383333333333333
PR01022,20241130,P4,L3,16,15.324,0.005,2845,133,24,30,3003,202411,0.95775,0.9798355520751763,0.9473859473859474,0.8890625000000001
PR01023,20241202,P4,L3,16,15.573,0.005,2868,108,28,0,3004,202412,0.9733125,0.964489822128042,0.9547270306258322,0.89625
PR01024,20241203,P4,L3,16,14.298,0.005,2626,92,32,45,2750,202412,0.893625,0.9616729612533221,0.9549090909090909,0.820625
PR01025,20241204,P4,L3,8,7.645,0.005,1368,26,23,0,1417,202412,0.955625,0.9267495094833225,0.9654199011997178,0.8550000000000001
PR01026,20241205,P4,L3,8,6.256,0.005,1158,61,16,60,1235,202412,0.782,0.9870524296675192,0.9376518218623482,0.72375
PR01027,20241206,P4,L3,16,15.071,0.005,2789,134,30,45,2953,202412,0.9419375,0.9796961051025148,0.9444632577040298,0.8715625
PR01028,20241209,P4,L3,16,14.578,0.005,2543,128,15,60,2686,202412,0.911125,0.9212512004390178,0.9467609828741623,0.7946875
PR01029,20241210,P4,L3,8,7.861,0.005,1447,59,11,0,1518,202412,0.982625,0.9655260145019717,0.953227931488801,0.9043749999999999
PR01030,20241211,P4,L3,8,7.006,0.005,1313,46,23,30,1382,202412,0.87575,0.9862974593205823,0.9500723589001447,0.820625
PR01031,20241212,P4,L3,16,15.939,0.005,2809,99,37,0,2945,202412,0.9961875,0.9238346194867934,0.9538200339558573,0.8778125
PR01032,20241213,P4,L3,16,14.906,0.005,2671,70,48,0,2788,202412,0.931625,0.9351938816583926,0.9580344332855093,0.8346874999999999
PR01033,20241216,P4,L3,8,6.981,0.005,1266,60,7,30,1332,202412,0.872625,0.9540180489901161,0.9504504504504504,0.79125
PR01034,20241217,P4,L3,8,6.952,0.005,1235,38,20,45,1292,202412,0.869,0.929228998849252,0.9558823529411765,0.771875
PR01035,20241218,P4,L3,12,11.644,0.005,2034,71,34,0,2140,202412,0.9703333333333334,0.9189282033665408,0.9504672897196261,0.8475000000000001
PR01036,20241220,P4,L3,16,15.592,0.005,2785,56,27,0,2867,202412,0.9745,0.9193817342226783,0.9713986745727241,0.8703125
PR01037,20241223,P4,L3,16,14.712,0.005,2640,71,45,60,2757,202412,0.9195,0.9369902120717781,0.9575625680087051,0.825
PR01038,20241224,P4,L3,8,7.365,0.005,1342,38,12,30,1392,202412,0.920625,0.945010183299389,0.9640804597701149,0.83875
PR01039,20241225,P4,L3,8,7.233,0.005,1385,14,14,30,1413,202412,0.904125,0.9767731231854003,0.9801840056617127,0.8656250000000001
PR01040,20241226,P4,L3,12,10.936,0.005,1967,70,18,0,2056,202412,0.9113333333333333,0.9400146305779078,0.9567120622568094,0.8195833333333334
PR01041,20241227,P4,L3,16,15.313,0.005,2685,76,51,0,2812,202412,0.9570625,0.9181741004375368,0.9548364153627311,0.8390625
PR01042,20241231,P4,L3,16,15.055,0.005,2785,46,26,45,2858,202412,0.9409375,0.9491863168382598,0.9744576627011896,0.8703125
PR01043,20240101,P5,L3,12,11.878,0.005556,1980,74,10,0,2064,202401,0.9898333333333333,0.9654473817140933,0.9593023255813954,0.9167400000000001
PR01044,20240102,P5,L3,8,7.084,0.005556,1170,20,15,30,1205,202401,0.8855,0.945084697910785,0.970954356846473,0.812565
PR01045,20240103,P5,L3,16,15.769,0.005556,2732,34,26,0,2792,202401,0.9855625,0.9837245227978946,0.9785100286532952,0.9486870000000001
PR01046,20240106,P5,L3,12,11.21,0.005556,1900,67,31,30,1997,202401,0.9341666666666667,0.9897709188224799,0.9514271407110666,0.8797
PR01047,20240108,P5,L3,8,7.538,0.005556,1208,30,14,0,1252,202401,0.94225,0.9228060493499601,0.9648562300319489,0.838956
PR01048,20240109,P5,L3,16,15.686,0.005556,2636,30,14,0,2679,202401,0.980375,0.9489050108376897,0.9839492347891005,0.9153510000000001
PR01049,20240110,P5,L3,8,7.087,0.005556,1155,45,21,0,1221,202401,0.885875,0.9572281642443912,0.9459459459459459,0.8021475
PR01050,20240111,P5,L3,16,14.782,0.005556,2456,109,23,0,2588,202401,0.923875,0.9727322419158436,0.9489953632148377,0.852846
PR01051,20240112,P5,L3,16,14.887,0.005556,2483,112,13,30,2609,202401,0.9304375,0.973708873513804,0.95170563434266,0.86222175
PR01052,20240115,P5,L3,12,11.615,0.005556,1985,67,21,0,2072,202401,0.9679166666666666,0.9911349117520447,0.958011583011583,0.919055
PR01053,20240118,P5,L3,12,10.93,0.005556,1770,48,35,0,1853,202401,0.9108333333333333,0.9419275388838061,0.9552077711818673,0.8195100000000001
PR01054,20240119,P5,L3,8,7.086,0.005556,1185,59,17,45,1261,202401,0.88575,0.9887265029635902,0.9397303727200634,0.8229825000000001
PR01055,20240121,P5,L3,16,15.861,0.005556,2658,66,37,0,2762,202401,0.9913125,0.9675097408738415,0.9623461259956553,0.9229904999999999
PR01056,20240122,P5,L3,12,10.12,0.005556,1681,69,12,45,1762,202401,0.8433333333333333,0.9673588932806324,0.9540295119182747,0.778303
PR01057,20240123,P5,L3,12,11.23,0.005556,1857,28,15,30,1900,202401,0.9358333333333334,0.9400178094390026,0.9773684210526316,0.859791
PR01058,20240126,P5,L3,16,14.966,0.005556,2517,39,21,45,2577,202401,0.935375,0.9566892957370039,0.9767171129220024,0.8740282500000001
PR01059,20240129,P5,L3,12,11.737,0.005556,1942,58,31,0,2031,202401,0.9780833333333333,0.9614242140240266,0.9561792220580995,0.899146
PR01060,20240130,P5,L3,16,14.275,0.005556,2282,119,24,45,2425,202401,0.8921875,0.9438388791593695,0.9410309278350516,0.7924245000000001
PR01061,20240131,P5,L3,12,11.373,0.005556,1879,68,33,0,1980,202401,0.94775,0.9672804009496176,0.9489898989898989,0.8699770000000001
PR01062,20240201,P5,L3,16,14.91,0.005556,2593,54,37,60,2684,202402,0.931875,1.0,0.9660953800298062,0.9002801322652757
PR01063,20240202,P5,L3,12,11.346,0.005556,1925,21,30,30,1976,202402,0.9455,0.967623479640402,0.9741902834008097,0.891275
PR01064,20240205,P5,L3,8,7.769,0.005556,1327,16,21,0,1365,202402,0.971125,0.9761796885055992,0.9721611721611721,0.9216015
PR01065,20240206,P5,L3,12,10.977,0.005556,1784,57,35,0,1876,202402,0.9147500000000001,0.9495359387810878,0.9509594882729211,0.8259920000000002
PR01066,20240207,P5,L3,16,14.724,0.005556,2425,57,44,0,2526,202402,0.92025,0.9531687041564793,0.9600158353127475,0.8420812500000001
PR01067,20240208,P5,L3,12,10.738,0.005556,1732,29,17,30,1778,202402,0.8948333333333333,0.9199634941329856,0.9741282339707537,0.8019159999999999
PR01068,20240209,P5,L3,12,10.647,0.005556,1841,56,23,60,1920,202402,0.88725,1.0,0.9588541666666667,0.850743359375
PR01069,20240213,P5,L3,16,14.856,0.005556,2450,103,36,45,2589,202402,0.9285,0.9682609046849758,0.9463113171108536,0.8507625
PR01070,20240214,P5,L3,8,6.916,0.005556,1100,37,10,30,1146,202402,0.8645,0.9206443030653557,0.9598603839441536,0.7639500000000001
PR01071,20240215,P5,L3,12,11.329,0.005556,1879,21,33,30,1933,202402,0.9440833333333334,0.9479872892576573,0.9720641489912054,0.869977
PR01072,20240216,P5,L3,12,10.92,0.005556,1808,28,12,60,1848,202402,0.91,0.9402461538461538,0.9783549783549783,0.837104
PR01073,20240218,P5,L3,16,14.407,0.005556,2354,56,36,60,2446,202402,0.9004375,0.9432897896855695,0.9623875715453802,0.8174265000000001
PR01074,20240220,P5,L3,16,15.644,0.005556,2445,106,34,0,2585,202402,0.97775,0.9180682689849144,0.9458413926499033,0.8490262500000001
PR01075,20240221,P5,L3,8,6.675,0.005556,1110,57,10,45,1177,202402,0.834375,0.979687191011236,0.9430756159728122,0.770895
PR01076,20240222,P5,L3,8,7.072,0.005556,1170,29,17,30,1216,202402,0.884,0.9553303167420815,0.962171052631579,0.8125650000000001
PR01077,20240223,P5,L3,8,7.078,0.005556,1219,23,16,45,1257,202402,0.88475,0.9867041537157388,0.9697692919649961,0.8465955000000001
PR01078,20240224,P5,L3,12,8.45,0.005556,1461,24,23,45,1508,202402,0.7041666666666666,0.9915323076923078,0.9688328912466844,0.676443
PR01079,20240226,P5,L3,16,13.808,0.005556,2358,85,33,45,2476,202402,0.863,0.9962815758980301,0.9523424878836834,0.8188155
PR01080,20240228,P5,L3,8,6.211,0.005556,1074,32,8,60,1114,202402,0.776375,0.9965197230719691,0.9640933572710951,0.745893
PR01081,20240229,P5,L3,8,6.639,0.005556,1056,28,19,30,1103,202402,0.829875,0.9230709444193402,0.957388939256573,0.733392
PR01082,20240301,P5,L3,8,7.665,0.005556,1309,49,8,0,1366,202403,0.958125,0.9901495107632095,0.958272327964861,0.9091005000000001
PR01083,20240302,P5,L3,8,7.364,0.005556,1233,61,12,30,1306,202403,0.9205,0.9853525258011951,0.944104134762634,0.8563185000000001
PR01084,20240304,P5,L3,12,11.598,0.005556,1962,93,20,0,2076,202403,0.9665,0.9945038799793068,0.9450867052023122,0.908406
PR01085,20240305,P5,L3,8,7.887,0.005556,1325,39,17,0,1382,202403,0.985875,0.9735503993914038,0.9587554269175108,0.9202125
PR01086,20240306,P5,L3,8,7.306,0.005556,1159,30,16,30,1206,202403,0.91325,0.9171278401313989,0.961028192371476,0.8049255000000001
PR01087,20240307,P5,L3,16,15.259,0.005556,2518,31,13,30,2562,202403,0.9536875,0.9328574611704568,0.9828259172521467,0.8743755
PR01088,20240308,P5,L3,8,7.553,0.005556,1275,50,7,0,1332,202403,0.944125,0.9798215278697208,0.9572072072072072,0.8854875000000001
PR01089,20240309,P5,L3,12,11.941,0.005556,2048,76,29,0,2153,202403,0.9950833333333334,1.0,0.9512308406874129,0.9465539557206999
PR01090,20240311,P5,L3,12,10.807,0.005556,1728,68,30,45,1826,202403,0.9005833333333334,0.9387670954011289,0.9463307776560789,0.800064
PR01091,20240312,P5,L3,16,14.796,0.005556,2543,87,21,45,2650,202403,0.92475,0.9950932684509327,0.959622641509434,0.8830567500000001
PR01092,20240313,P5,L3,8,6.284,0.005556,1029,31,19,30,1080,202403,0.7855,0.9548822406110758,0.9527777777777777,0.7146405
PR01093,20240314,P5,L3,12,11.514,0.005556,1802,66,32,0,1900,202403,0.9594999999999999,0.9168316831683169,0.9484210526315789,0.8343259999999999
PR01094,20240315,P5,L3,8,7.423,0.005556,1252,54,19,30,1325,202403,0.927875,0.9917418833355786,0.9449056603773585,0.869514
PR01095,20240318,P5,L3,12,11.235,0.005556,1773,70,26,30,1869,202403,0.9362499999999999,0.9242691588785047,0.9486356340288925,0.820899
PR01096,20240319,P5,L3,12,11.344,0.005556,1912,61,38,30,2011,202403,0.9453333333333332,0.9849361777150918,0.9507707608155147,0.885256
PR01097,20240322,P5,L3,8,6.848,0.005556,1166,36,9,45,1211,202403,0.856,0.9825227803738319,0.9628406275805119,0.809787
PR01098,20240325,P5,L3,12,11.202,0.005556,1787,60,34,30,1881,202403,0.9335,0.9329437600428495,0.950026581605529,0.827381
PR01099,20240326,P5,L3,8,7.355,0.005556,1229,25,13,30,1267,202403,0.919375,0.9570974847042827,0.9700078926598263,0.8535404999999999
PR01100,20240327,P5,L3,8,6.761,0.005556,1090,20,8,30,1119,202403,0.845125,0.9195627865700341,0.9740840035746202,0.757005
PR01101,20240328,P5,L3,16,15.591,0.005556,2440,126,21,0,2586,202403,0.9744375,0.9215455070232828,0.9435421500386698,0.8472900000000001
PR01102,20240329,P5,L3,12,10.595,0.005556,1714,19,11,45,1744,202403,0.8829166666666667,0.9145506370929684,0.9827981651376146,0.7935819999999999
PR01103,20240331,P5,L3,16,13.939,0.005556,2222,117,32,60,2371,202403,0.8711875,0.945066073606428,0.9371573175875159,0.7715895
PR01104,20240401,P5,L3,8,6.607,0.005556,1137,30,22,60,1189,202404,0.825875,0.9998613591645225,0.9562657695542472,0.7896465
PR01105,20240402,P5,L3,12,11.925,0.005556,1857,96,15,0,1968,202404,0.99375,0.916914716981132,0.9435975609756098,0.859791
PR01106,20240403,P5,L3,12,11.097,0.005556,1848,63,14,30,1925,202404,0.92475,0.963801027304677,0.96,0.855624
PR01107,20240404,P5,L3,8,7.85,0.005556,1351,23,26,0,1400,202404,0.98125,0.9908789808917199,0.965,0.9382695
PR01108,20240405,P5,L3,12,10.446,0.005556,1778,20,23,60,1821,202404,0.8704999999999999,0.9685502584721425,0.9763866007688083,0.823214
PR01109,20240408,P5,L3,8,7.334,0.005556,1203,61,15,30,1279,202404,0.91675,0.9689288246523045,0.9405785770132916,0.8354835
PR01110,20240409,P5,L3,12,10.519,0.005556,1634,85,32,45,1751,202404,0.8765833333333334,0.9248555946382737,0.9331810394060537,0.7565420000000002
PR01111,20240410,P5,L3,12,11.192,0.005556,1880,60,14,45,1953,202404,0.9326666666666666,0.9695200142959257,0.9626216077828981,0.87044
PR01112,20240411,P5,L3,8,7.559,0.005556,1197,30,17,0,1244,202404,0.944875,0.9143622172245006,0.9622186495176849,0.8313165
PR01113,20240412,P5,L3,12,11.718,0.005556,1944,73,26,0,2043,202404,0.9765,0.9686728110599079,0.9515418502202643,0.9000720000000001
PR01114,20240415,P5,L3,8,6.959,0.005556,1097,36,8,45,1141,202404,0.869875,0.9109636442017531,0.9614373356704645,0.7618665
PR01115,20240416,P5,L3,8,7.763,0.005556,1231,55,21,0,1307,202404,0.970375,0.935423418781399,0.9418515684774292,0.8549295
PR01116,20240417,P5,L3,12,11.642,0.005556,1994,28,37,0,2060,202404,0.9701666666666666,0.9831094313691807,0.9679611650485437,0.9232220000000001
PR01117,20240418,P5,L3,12,10.747,0.005556,1778,57,14,45,1849,202404,0.8955833333333333,0.9558987624453337,0.9616008653326122,0.8232140000000001
PR01118,20240419,P5,L3,12,11.27,0.005556,1827,95,19,30,1941,202404,0.9391666666666666,0.9568940550133097,0.9412673879443586,0.845901
PR01119,20240420,P5,L3,12,9.583,0.005556,1534,20,21,30,1575,202404,0.7985833333333333,0.9131482834185537,0.9739682539682539,0.7102419999999999
PR01120,20240421,P5,L3,16,15.132,0.005556,2573,50,27,45,2650,202404,0.94575,0.9729976209357653,0.9709433962264151,0.89347425
PR01121,20240422,P5,L3,12,11.745,0.005556,1894,70,10,0,1974,202404,0.9787499999999999,0.9338053639846744,0.9594731509625126,0.8769219999999999
PR01122,20240423,P5,L3,16,14.559,0.005556,2283,110,15,45,2408,202404,0.9099375,0.9189400370904596,0.9480897009966778,0.79277175
PR01123,20240424,P5,L3,12,11.783,0.005556,1908,88,32,0,2029,202404,0.9819166666666667,0.956727828227107,0.9403647116806308,0.8834040000000001
PR01124,20240425,P5,L3,12,11.36,0.005556,1762,87,19,30,1868,202404,0.9466666666666667,0.9136098591549296,0.943254817987152,0.8158060000000001
PR01125,20240426,P5,L3,16,15.615,0.005556,2585,132,52,0,2768,202404,0.9759375,0.9848868395773295,0.9338872832369942,0.8976412500000001
PR01126,20240427,P5,L3,8,7.297,0.005556,1212,18,17,30,1246,202404,0.912125,0.9487153624777306,0.9727126805778491,0.841734
PR01127,20240428,P5,L3,12,10.359,0.005556,1700,27,9,60,1735,202404,0.86325,0.9305589342600639,0.9798270893371758,0.7871
PR01128,20240429,P5,L3,16,14.164,0.005556,2245,92,13,30,2350,202404,0.88525,0.9218158712228184,0.9553191489361702,0.77957625
PR01129,20240430,P5,L3,12,11.1,0.005556,1815,23,12,0,1850,202404,0.9249999999999999,0.9260000000000002,0.981081081081081,0.840345
PR01130,20240501,P5,L3,8,7.001,0.005556,1187,52,17,45,1256,202405,0.875125,0.9967627481788316,0.9450636942675159,0.8243715
PR01131,20240502,P5,L3,12,11.858,0.005556,1973,41,12,0,2027,202405,0.9881666666666667,0.9497395850902344,0.9733596447952639,0.9134990000000001
PR01132,20240503,P5,L3,8,7.34,0.005556,1260,25,11,30,1296,202405,0.9175,0.9810049046321526,0.9722222222222222,0.87507
PR01133,20240505,P5,L3,12,11.114,0.005556,1886,21,15,0,1921,202405,0.9261666666666667,0.9603271549397157,0.9817803227485684,0.8732179999999999
PR01134,20240506,P5,L3,12,11.05,0.005556,1825,80,31,30,1936,202405,0.9208333333333334,0.9734313122171945,0.9426652892561983,0.8449749999999999
PR01135,20240507,P5,L3,16,14.196,0.005556,2448,57,13,60,2518,202405,0.88725,0.9854894336432798,0.9722001588562351,0.8500679999999999
PR01136,20240508,P5,L3,12,11.954,0.005556,2083,24,33,0,2141,202405,0.9961666666666668,0.9950975405721934,0.9729098552078468,0.964429
PR01137,20240509,P5,L3,12,11.005,0.005556,1881,26,20,45,1926,202405,0.9170833333333334,0.972363107678328,0.9766355140186916,0.8709030000000001
PR01138,20240510,P5,L3,16,15.716,0.005556,2483,94,38,0,2614,202405,0.98225,0.9241145329600408,0.949885233358837,0.86222175
PR01139,20240511,P5,L3,12,11.203,0.005556,1895,36,20,30,1951,202405,0.9335833333333333,0.9675761849504597,0.9712967708867247,0.877385
PR01140,20240513,P5,L3,8,7.865,0.005556,1254,45,7,0,1305,202405,0.983125,0.9218792116973935,0.960919540229885,0.870903
PR01141,20240514,P5,L3,8,6.826,0.005556,1136,46,9,30,1191,202405,0.85325,0.9694104893055963,0.9538203190596137,0.788952
PR01142,20240515,P5,L3,12,11.155,0.005556,1816,47,26,45,1889,202405,0.9295833333333333,0.9408591662931421,0.961355214399153,0.840808
PR01143,20240517,P5,L3,8,7.411,0.005556,1251,56,23,0,1330,202405,0.926375,0.9970962083389556,0.9406015037593985,0.8688195000000001
PR01144,20240520,P5,L3,8,6.751,0.005556,1102,48,9,30,1159,202405,0.843875,0.9538444674862984,0.9508196721311475,0.765339
PR01145,20240521,P5,L3,16,14.843,0.005556,2407,111,47,0,2565,202405,0.9276875,0.9601253115946912,0.938401559454191,0.8358307500000001
PR01146,20240522,P5,L3,8,7.35,0.005556,1202,55,13,0,1270,202405,0.91875,0.9600163265306123,0.9464566929133859,0.834789
PR01147,20240523,P5,L3,8,7.614,0.005556,1235,18,8,0,1261,202405,0.95175,0.9201623325453113,0.979381443298969,0.8577075000000001
PR01148,20240524,P5,L3,12,11.526,0.005556,1936,24,37,0,1997,202405,0.9605,0.9626350858927643,0.9694541812719079,0.896368
PR01149,20240528,P5,L3,8,6.989,0.005556,1182,24,10,45,1216,202405,0.873625,0.966675633137788,0.9720394736842105,0.820899
PR01150,20240529,P5,L3,16,15.888,0.005556,2596,39,38,0,2673,202405,0.993,0.9347424471299094,0.9711934156378601,0.9014610000000001
PR01151,20240530,P5,L3,8,5.602,0.005556,869,42,12,45,923,202405,0.70025,0.9154209210996072,0.9414951245937161,0.6035204999999999
PR01152,20240531,P5,L3,8,6.916,0.005556,1144,50,18,45,1211,202405,0.8645,0.9728623481781377,0.94467382328654,0.794508
PR01153,20240601,P5,L3,8,7.426,0.005556,1247,41,21,30,1309,202406,0.92825,0.9793703204955561,0.9526355996944232,0.8660415
PR01154,20240603,P5,L3,8,7.635,0.005556,1249,28,17,0,1294,202406,0.954375,0.94164557956778,0.9652241112828439,0.8674305
PR01155,20240604,P5,L3,8,7.173,0.005556,1217,14,8,30,1239,202406,0.896625,0.959693851944793,0.9822437449556094,0.8452065000000001
PR01156,20240605,P5,L3,12,11.209,0.005556,1761,68,22,30,1852,202406,0.9340833333333333,0.9179866178963333,0.9508639308855291,0.8153429999999999
PR01157,20240606,P5,L3,16,15.383,0.005556,2581,103,48,0,2731,202406,0.9614375,0.9863769095755055,0.9450750640790919,0.8962522500000001
PR01158,20240607,P5,L3,16,15.868,0.005556,2727,55,39,0,2821,202406,0.99175,0.9877411141920848,0.9666784828075151,0.9469507500000001
PR01159,20240610,P5,L3,16,15.456,0.005556,2649,41,31,30,2721,202406,0.966,0.978123447204969,0.9735391400220507,0.91986525
PR01160,20240611,P5,L3,12,10.799,0.005556,1734,18,18,60,1771,202406,0.8999166666666666,0.9111654782850265,0.9791078486730661,0.802842
PR01161,20240612,P5,L3,8,7.723,0.005556,1342,32,20,0,1394,202406,0.965375,1.0,0.9626972740315638,0.9293638809182209
PR01162,20240614,P5,L3,16,15.793,0.005556,2435,127,34,0,2595,202406,0.9870625,0.9129247134806561,0.9383429672447013,0.84555375
PR01163,20240616,P5,L3,16,14.733,0.005556,2408,61,17,0,2487,202406,0.9208125,0.9378790470372632,0.9682348210695617,0.836178
PR01164,20240617,P5,L3,12,11.866,0.005556,1937,78,30,0,2045,202406,0.9888333333333333,0.9575273891791675,0.9471882640586797,0.8968310000000002
PR01165,20240618,P5,L3,8,7.391,0.005556,1292,23,13,0,1327,202406,0.923875,0.9975391692599108,0.9736247174076865,0.897294
PR01166,20240619,P5,L3,12,10.648,0.005556,1681,62,28,60,1771,202406,0.8873333333333333,0.9240867768595042,0.9491812535290797,0.7783030000000001
PR01167,20240620,P5,L3,16,15.368,0.005556,2687,51,19,0,2756,202406,0.9605,0.9963779281624154,0.9749637155297532,0.93306075
PR01168,20240621,P5,L3,8,7.077,0.005556,1184,48,8,30,1240,202406,0.884625,0.9734972445951675,0.9548387096774194,0.822288
PR01169,20240622,P5,L3,16,15.4,0.005556,2424,75,35,30,2533,202406,0.9625,0.9138537662337662,0.9569680221081721,0.8417340000000001
PR01170,20240624,P5,L3,12,10.544,0.005556,1810,18,10,60,1838,202406,0.8786666666666667,0.9685060698027314,0.984766050054407,0.83803
PR01171,20240625,P5,L3,12,11.881,0.005556,1921,79,38,0,2037,202406,0.9900833333333333,0.9525773924753809,0.9430535100638193,0.889423
PR01172,20240626,P5,L3,12,11.196,0.005556,1930,51,37,30,2019,202406,0.9329999999999999,1.0,0.9559187716691432,0.8918722139673105
PR01173,20240627,P5,L3,8,7.695,0.005556,1324,23,21,0,1368,202406,0.961875,0.9877333333333334,0.9678362573099415,0.9195180000000001
PR01174,20240628,P5,L3,8,6.793,0.005556,1108,17,21,30,1147,202406,0.849125,0.9381321949065214,0.9659982563208369,0.7695059999999999
PR01175,20240630,P5,L3,16,14.935,0.005556,2405,39,35,45,2479,202406,0.9334375,0.9222178774690325,0.9701492537313433,0.83513625
PR01176,20240701,P5,L3,12,11.394,0.005556,1796,93,30,0,1919,202407,0.9495,0.9357525013164825,0.9359041167274622,0.8315480000000001
PR01177,20240702,P5,L3,16,15.504,0.005556,2627,122,27,0,2777,202407,0.969,0.9951633126934984,0.9459848757652143,0.9122257500000001
PR01178,20240703,P5,L3,8,6.882,0.005556,1108,56,15,0,1178,202407,0.86025,0.951027027027027,0.9405772495755518,0.769506
PR01179,20240704,P5,L3,12,10.927,0.005556,1763,30,17,0,1809,202407,0.9105833333333333,0.9198136725542236,0.974571586511885,0.816269
PR01180,20240706,P5,L3,12,11.097,0.005556,1887,63,15,30,1965,202407,0.92475,0.9838280616382807,0.9603053435114504,0.873681
PR01181,20240707,P5,L3,12,11.148,0.005556,1835,29,23,45,1887,202407,0.9289999999999999,0.9404531754574813,0.9724430312665607,0.849605
PR01182,20240708,P5,L3,8,6.673,0.005556,1081,52,6,45,1139,202407,0.834125,0.948341675408362,0.9490781387181738,0.7507545
PR01183,20240709,P5,L3,12,9.804,0.005556,1574,65,11,45,1650,202407,0.8170000000000001,0.9350673194614444,0.953939393939394,0.7287620000000001
PR01184,20240710,P5,L3,12,10.541,0.005556,1782,80,33,60,1895,202407,0.8784166666666667,0.9988255383739683,0.9403693931398417,0.825066
PR01185,20240711,P5,L3,12,11.274,0.005556,1797,70,11,0,1878,202407,0.9394999999999999,0.9255071846726983,0.9568690095846646,0.8320110000000001
PR01186,20240712,P5,L3,8,7.114,0.005556,1163,14,7,30,1184,202407,0.88925,0.9246983412988474,0.9822635135135135,0.8077035
PR01187,20240715,P5,L3,8,6.736,0.005556,1092,32,5,0,1130,202407,0.842,0.9320486935866984,0.9663716814159292,0.7583940000000001
PR01188,20240716,P5,L3,8,6.381,0.005556,1056,45,12,45,1113,202407,0.797625,0.9691001410437236,0.9487870619946092,0.733392
PR01189,20240717,P5,L3,16,15.126,0.005556,2453,61,13,0,2526,202407,0.945375,0.927836572788576,0.9711005542359462,0.85180425
PR01190,20240718,P5,L3,8,7.337,0.005556,1258,13,7,30,1278,202407,0.917125,0.9677753850347554,0.9843505477308294,0.873681
PR01191,20240719,P5,L3,16,14.728,0.005556,2462,100,40,45,2602,202407,0.9205,0.9815801195002717,0.9461952344350499,0.8549295
PR01192,20240722,P5,L3,12,11.555,0.005556,1978,40,34,0,2052,202407,0.9629166666666666,0.9866648204240589,0.9639376218323586,0.915814
PR01193,20240723,P5,L3,12,11.669,0.005556,1889,45,18,0,1953,202407,0.9724166666666667,0.9298884223155369,0.9672299027137736,0.8746069999999999
PR01194,20240724,P5,L3,8,6.643,0.005556,1104,57,21,60,1182,202407,0.830375,0.9885882884239049,0.934010152284264,0.7667280000000001
PR01195,20240725,P5,L3,12,11.144,0.005556,1786,87,31,30,1905,202407,0.9286666666666666,0.949764895908112,0.9375328083989501,0.826918
PR01196,20240726,P5,L3,8,7.415,0.005556,1231,27,21,30,1279,202407,0.926875,0.9583444369521241,0.962470680218921,0.8549295
PR01197,20240729,P5,L3,12,11.772,0.005556,1990,59,11,0,2060,202407,0.981,0.9722528032619776,0.9660194174757282,0.92137
PR01198,20240730,P5,L3,12,10.919,0.005556,1773,31,33,60,1837,202407,0.9099166666666667,0.9347350489971609,0.965160587915079,0.820899
PR01199,20240731,P5,L3,12,10.837,0.005556,1859,46,11,45,1915,202407,0.9030833333333333,0.9817975454461567,0.970757180156658,0.8607170000000001
PR01200,20240801,P5,L3,16,14.395,0.005556,2310,79,33,60,2422,202408,0.8996875,0.9348129211531783,0.953757225433526,0.8021475
PR01201,20240802,P5,L3,16,15.828,0.005556,2702,42,15,0,2759,202408,0.98925,0.9684738438210767,0.9793403407031533,0.9382695000000001
PR01202,20240805,P5,L3,16,14.37,0.005556,2487,68,43,30,2597,202408,0.898125,1.0,0.9576434347323836,0.8600835098190219
PR01203,20240806,P5,L3,8,7.932,0.005556,1292,23,14,0,1329,202408,0.9915,0.9309031770045386,0.9721595184349134,0.897294
PR01204,20240807,P5,L3,12,11.726,0.005556,1844,91,26,0,1961,202408,0.9771666666666667,0.9291587924270851,0.9403365629780724,0.8537720000000001
PR01205,20240808,P5,L3,12,10.835,0.005556,1674,85,18,60,1777,202408,0.9029166666666667,0.9112147669589294,0.9420371412492966,0.7750620000000001
PR01206,20240809,P5,L3,12,10.606,0.005556,1711,52,23,45,1786,202408,0.8838333333333334,0.93560399773713,0.958006718924972,0.792193
PR01207,20240810,P5,L3,12,9.604,0.005556,1595,72,21,45,1687,202408,0.8003333333333332,0.9759446064139943,0.945465323058684,0.738485
PR01208,20240812,P5,L3,8,7.384,0.005556,1194,62,10,30,1266,202408,0.923,0.9525861321776815,0.943127962085308,0.829233
PR01209,20240815,P5,L3,16,15.426,0.005556,2602,28,40,0,2669,202408,0.964125,0.9612967716841696,0.974896965155489,0.9035445000000001
PR01210,20240816,P5,L3,8,7.71,0.005556,1283,45,9,0,1338,202408,0.96375,0.9641929961089494,0.9588938714499252,0.8910435
PR01211,20240819,P5,L3,12,10.783,0.005556,1711,45,32,30,1788,202408,0.8985833333333333,0.9212768246313643,0.9569351230425056,0.792193
PR01212,20240820,P5,L3,16,15.275,0.005556,2481,46,42,30,2568,202408,0.9546875,0.9340627168576104,0.9661214953271028,0.86152725
PR01213,20240821,P5,L3,12,11.648,0.005556,1853,59,18,0,1929,202408,0.9706666666666667,0.9201171016483517,0.9606013478486263,0.857939
PR01214,20240822,P5,L3,12,11.21,0.005556,1815,32,21,45,1868,202408,0.9341666666666667,0.9258347903657448,0.971627408993576,0.840345
PR01215,20240823,P5,L3,12,10.717,0.005556,1748,62,9,45,1819,202408,0.8930833333333333,0.9430217411589065,0.9609675645959318,0.809324
PR01216,20240826,P5,L3,8,6.421,0.005556,1060,24,11,60,1095,202408,0.802625,0.9474879302289363,0.9680365296803652,0.73617
PR01217,20240827,P5,L3,12,10.401,0.005556,1679,20,15,45,1714,202408,0.86675,0.915583501586386,0.9795799299883314,0.7773770000000002
PR01218,20240828,P5,L3,16,15.634,0.005556,2645,85,20,0,2750,202408,0.977125,0.9772930791863886,0.9618181818181818,0.91847625
PR01219,20240829,P5,L3,12,11.939,0.005556,2029,41,36,0,2107,202408,0.9949166666666667,0.980525337130413,0.9629805410536307,0.9394270000000001
PR01220,20240830,P5,L3,8,7.427,0.005556,1220,52,21,0,1293,202408,0.928375,0.9672691530900769,0.9435421500386698,0.8472900000000001
PR01221,20240902,P5,L3,12,10.795,0.005556,1684,74,25,60,1783,202409,0.8995833333333333,0.9176792959703566,0.944475602916433,0.7796919999999998
PR01222,20240903,P5,L3,12,10.6,0.005556,1790,37,21,60,1847,202409,0.8833333333333333,0.9681067924528302,0.969139144558744,0.82877
PR01223,20240904,P5,L3,12,11.688,0.005556,1952,74,32,0,2058,202409,0.9740000000000001,0.9782895277207392,0.9484936831875608,0.9037760000000001
PR01224,20240905,P5,L3,8,7.031,0.005556,1184,41,7,45,1233,202409,0.878875,0.9743348030152184,0.9602595296025953,0.822288
PR01225,20240907,P5,L3,16,14.344,0.005556,2334,29,35,60,2398,202409,0.8965,0.928840490797546,0.9733110925771477,0.8104815
PR01226,20240909,P5,L3,16,14.684,0.005556,2498,36,32,60,2566,202409,0.91775,0.9709000272405339,0.9734996102883866,0.8674305
PR01227,20240910,P5,L3,8,7.675,0.005556,1238,48,21,0,1307,202409,0.959375,0.9461487947882736,0.9472073450650345,0.8597910000000001
PR01228,20240911,P5,L3,16,15.695,0.005556,2685,54,47,0,2787,202409,0.9809375,0.9865926728257407,0.9634015069967707,0.9323662500000001
PR01229,20240912,P5,L3,12,10.688,0.005556,1685,83,9,60,1778,202409,0.8906666666666667,0.9242672155688622,0.9476940382452194,0.7801549999999999
PR01230,20240913,P5,L3,16,14.912,0.005556,2558,61,33,45,2652,202409,0.932,0.9880976394849785,0.9645550527903469,0.8882655
PR01231,20240914,P5,L3,12,10.936,0.005556,1742,87,24,45,1853,202409,0.9113333333333333,0.9414107534747622,0.9400971397733405,0.806546
PR01232,20240916,P5,L3,12,10.503,0.005556,1737,36,11,45,1784,202409,0.87525,0.9437212225078548,0.9736547085201793,0.8042309999999999
PR01233,20240917,P5,L3,12,11.109,0.005556,1857,66,36,30,1959,202409,0.92575,0.9797645152578991,0.9479326186830015,0.8597910000000001
PR01234,20240918,P5,L3,12,11.326,0.005556,1833,81,22,30,1935,202409,0.9438333333333334,0.9492194949673318,0.9472868217054263,0.8486790000000001
PR01235,20240919,P5,L3,12,11.006,0.005556,1832,86,31,45,1949,202409,0.9171666666666667,0.9838855169907323,0.9399692149820421,0.8482160000000001
PR01236,20240920,P5,L3,8,7.803,0.005556,1230,58,9,0,1297,202409,0.975375,0.9235078815840062,0.9483423284502699,0.8542350000000001
PR01237,20240923,P5,L3,12,11.388,0.005556,1837,89,25,30,1951,202409,0.949,0.9518577449947313,0.9415684264479754,0.8505309999999999
PR01238,20240924,P5,L3,12,10.912,0.005556,1844,31,17,60,1893,202409,0.9093333333333334,0.9638478739002933,0.9741151611199155,0.8537720000000001
PR01239,20240925,P5,L3,12,10.529,0.005556,1799,59,17,60,1875,202409,0.8774166666666666,0.9894102003988984,0.9594666666666667,0.832937
PR01240,20240926,P5,L3,16,14.917,0.005556,2420,75,42,30,2536,202409,0.9323125,0.9445609707045652,0.9542586750788643,0.840345
PR01241,20240927,P5,L3,8,6.951,0.005556,1116,27,10,45,1152,202409,0.868875,0.9208044885627967,0.96875,0.775062
PR01242,20240929,P5,L3,12,10.625,0.005556,1820,35,26,60,1881,202409,0.8854166666666666,0.9836080941176472,0.9675704412546517,0.8426600000000001
PR01243,20240930,P5,L3,8,7.849,0.005556,1343,30,22,0,1395,202409,0.981125,0.9874659192253791,0.9627240143369176,0.9327135000000001
PR01244,20241001,P5,L3,12,11.147,0.005556,1827,56,32,0,1915,202410,0.9289166666666667,0.9544935857181304,0.954046997389034,0.845901
PR01245,20241002,P5,L3,16,15.073,0.005556,2577,78,51,45,2706,202410,0.9420625,0.99744815232535,0.9523281596452328,0.89486325
PR01246,20241003,P5,L3,12,11.04,0.005556,1756,52,25,45,1833,202410,0.9199999999999999,0.9224771739130436,0.9579923622476814,0.8130280000000001
PR01247,20241004,P5,L3,16,15.49,0.005556,2631,46,35,0,2713,202410,0.968125,0.9731070367979341,0.9697751566531515,0.91361475
PR01248,20241005,P5,L3,12,11.226,0.005556,1877,33,27,30,1936,202410,0.9355000000000001,0.9581699625868518,0.9695247933884298,0.869051
PR01249,20241007,P5,L3,16,15.481,0.005556,2549,29,19,0,2597,202410,0.9675625,0.9320413409986434,0.9815171351559492,0.88514025
PR01250,20241008,P5,L3,16,14.985,0.005556,2564,81,14,45,2659,202410,0.9365625,0.9858794794794796,0.9642722828130876,0.8903490000000001
PR01251,20241009,P5,L3,16,15.545,0.005556,2515,102,27,0,2644,202410,0.9715625,0.9450025088452879,0.9512102874432677,0.87333375
PR01252,20241010,P5,L3,16,14.613,0.005556,2415,74,42,45,2532,202410,0.9133125,0.9626902073496203,0.9537914691943128,0.83860875
PR01253,20241011,P5,L3,8,7.008,0.005556,1114,41,13,45,1169,202410,0.876,0.9267928082191781,0.9529512403763901,0.773673
PR01254,20241012,P5,L3,16,14.653,0.005556,2321,104,34,45,2458,202410,0.9158125,0.9320035487613458,0.9442636289666395,0.80596725
PR01255,20241014,P5,L3,12,11.532,0.005556,1873,52,26,0,1951,202410,0.961,0.9399719042663891,0.9600205023065095,0.8671989999999999
PR01256,20241015,P5,L3,12,10.8,0.005556,1782,52,26,45,1860,202410,0.9,0.9568666666666666,0.9580645161290322,0.8250659999999999
PR01257,20241016,P5,L3,8,6.34,0.005556,1029,12,8,45,1049,202410,0.7925,0.9192813880126183,0.9809342230695901,0.7146405
PR01258,20241017,P5,L3,16,15.618,0.005556,2625,46,25,0,2697,202410,0.976125,0.9594398770649251,0.9733036707452726,0.91153125
PR01259,20241018,P5,L3,16,15.321,0.005556,2417,80,33,30,2531,202410,0.9575625,0.9178406109261797,0.9549585144211774,0.8393032500000001
PR01260,20241021,P5,L3,16,15.52,0.005556,2653,38,16,0,2707,202410,0.97,0.9690780927835053,0.9800517177687477,0.92125425
PR01261,20241022,P5,L3,16,14.636,0.005556,2354,42,27,60,2423,202410,0.91475,0.9197996720415416,0.9715229054890632,0.8174265000000001
PR01262,20241023,P5,L3,12,11.402,0.005556,1849,78,10,30,1938,202410,0.9501666666666666,0.9443543238028417,0.9540763673890609,0.856087
PR01263,20241024,P5,L3,12,11.738,0.005556,2007,30,32,0,2069,202410,0.9781666666666666,0.9793290168682911,0.9700338327694539,0.929241
PR01264,20241025,P5,L3,12,11.933,0.005556,2028,81,12,0,2120,202410,0.9944166666666666,0.9870711472387497,0.9566037735849057,0.938964
PR01265,20241026,P5,L3,12,10.607,0.005556,1833,39,27,45,1899,202410,0.8839166666666666,0.9947057603469407,0.9652448657187994,0.848679
PR01266,20241028,P5,L3,12,11.43,0.005556,1830,60,16,0,1907,202410,0.9525,0.9269721784776903,0.9596224436287363,0.8472900000000001
PR01267,20241031,P5,L3,16,14.108,0.005556,2228,117,30,45,2375,202410,0.88175,0.9353203855968245,0.9381052631578948,0.773673
PR01268,20241101,P5,L3,12,11.187,0.005556,1888,80,34,0,2001,202411,0.9322499999999999,0.9937924376508448,0.9435282358820589,0.8741439999999999
PR01269,20241102,P5,L3,12,9.541,0.005556,1559,31,28,0,1619,202411,0.7950833333333334,0.942790483177864,0.9629400864731316,0.721817
PR01270,20241104,P5,L3,16,15.802,0.005556,2544,43,25,0,2611,202411,0.987625,0.9180303759017847,0.9743393335886633,0.883404
PR01271,20241105,P5,L3,12,11.223,0.005556,1745,77,33,45,1856,202411,0.93525,0.9188217054263567,0.9401939655172413,0.8079350000000001
PR01272,20241106,P5,L3,12,10.399,0.005556,1797,50,26,60,1873,202411,0.8665833333333333,1.0,0.9594233849439402,0.8314203150026694
PR01273,20241107,P5,L3,8,7.04,0.005556,1157,26,9,45,1191,202411,0.88,0.9399426136363637,0.9714525608732157,0.8035365
PR01274,20241108,P5,L3,16,15.659,0.005556,2630,107,33,0,2770,202411,0.9786875,0.9828290440002555,0.9494584837545126,0.9132675
PR01275,20241111,P5,L3,12,10.831,0.005556,1862,56,22,45,1940,202411,0.9025833333333333,0.9951657280029547,0.9597938144329897,0.8621060000000001
PR01276,20241112,P5,L3,16,14.535,0.005556,2343,61,45,30,2449,202411,0.9084375,0.9361296181630547,0.9567170273581054,0.81360675
PR01277,20241113,P5,L3,16,14.291,0.005556,2371,73,47,60,2491,202411,0.8931875,0.9684413966832273,0.9518265756724207,0.8233297500000001
PR01278,20241114,P5,L3,8,7.462,0.005556,1187,37,23,30,1248,202411,0.93275,0.929226480836237,0.9511217948717948,0.8243715
PR01279,20241115,P5,L3,12,10.364,0.005556,1686,60,15,60,1762,202411,0.8636666666666667,0.9445843303743727,0.9568671963677639,0.7806179999999999
PR01280,20241118,P5,L3,12,11.794,0.005556,1863,75,16,0,1953,202411,0.9828333333333333,0.9200328980837714,0.9539170506912442,0.862569
PR01281,20241120,P5,L3,8,6.874,0.005556,1156,20,20,45,1197,202411,0.85925,0.96749083503055,0.9657477025898078,0.802842
PR01282,20241121,P5,L3,12,10.652,0.005556,1842,22,34,60,1898,202411,0.8876666666666666,0.989981975215922,0.9704952581664911,0.8528460000000001
PR01283,20241122,P5,L3,16,15.404,0.005556,2463,117,33,30,2613,202411,0.96275,0.9424713061542457,0.9425947187141217,0.85527675
PR01284,20241123,P5,L3,8,6.624,0.005556,1099,17,17,30,1133,202411,0.828,0.9503242753623189,0.969991173874669,0.7632555
PR01285,20241125,P5,L3,16,14.71,0.005556,2285,103,28,45,2416,202411,0.919375,0.9125286199864038,0.9457781456953642,0.79346625
PR01286,20241126,P5,L3,12,11.028,0.005556,1851,90,24,30,1964,202411,0.919,0.9894798694232861,0.9424643584521385,0.857013
PR01287,20241127,P5,L3,12,10.93,0.005556,1861,41,26,0,1928,202411,0.9108333333333333,0.9800519670631291,0.9652489626556017,0.861643
PR01288,20241128,P5,L3,16,15.285,0.005556,2448,62,44,0,2554,202411,0.9553125,0.9283627085377822,0.9584964761158966,0.850068
PR01289,20241129,P5,L3,12,11.836,0.005556,2069,28,23,0,2120,202411,0.9863333333333334,0.9951605272051368,0.9759433962264151,0.957947
PR01290,20241202,P5,L3,8,7.283,0.005556,1198,31,23,30,1252,202412,0.910375,0.9551162982287519,0.9568690095846646,0.8320110000000001
PR01291,20241204,P5,L3,12,11.84,0.005556,1979,39,32,0,2050,202412,0.9866666666666667,0.9619763513513514,0.9653658536585366,0.916277
PR01292,20241205,P5,L3,12,11.746,0.005556,2011,82,28,0,2121,202412,0.9788333333333333,1.0,0.9481376709099482,0.9280687568756876
PR01293,20241206,P5,L3,12,10.956,0.005556,1820,22,31,45,1873,202412,0.9129999999999999,0.9498346111719606,0.9717031500266952,0.84266
PR01294,20241209,P5,L3,12,10.146,0.005556,1666,78,13,45,1757,202412,0.8455,0.9621419278533411,0.9482071713147411,0.7713579999999999
PR01295,20241210,P5,L3,12,11.149,0.005556,1873,27,21,0,1921,202412,0.9290833333333333,0.9573124046999731,0.9750130140551796,0.8671989999999999
PR01296,20241211,P5,L3,12,10.999,0.005556,1814,88,24,30,1925,202412,0.9165833333333334,0.9723883989453586,0.9423376623376624,0.8398819999999999
PR01297,20241212,P5,L3,8,7.849,0.005556,1282,17,22,0,1321,202412,0.981125,0.9350842145496242,0.9704769114307343,0.8903490000000001
PR01298,20241213,P5,L3,8,6.5,0.005556,1100,51,20,45,1171,202412,0.8125,1.0,0.9393680614859095,0.7632365499573014
PR01299,20241216,P5,L3,8,7.815,0.005556,1332,20,8,0,1360,202412,0.976875,0.9668790786948176,0.9794117647058823,0.925074
PR01300,20241218,P5,L3,8,6.786,0.005556,1109,13,21,45,1142,202412,0.84825,0.9350061892130859,0.9711033274956217,0.7702005
PR01301,20241219,P5,L3,8,6.896,0.005556,1091,54,19,45,1164,202412,0.862,0.937816705336427,0.9372852233676976,0.7576995000000001
PR01302,20241220,P5,L3,8,6.884,0.005556,1080,43,18,45,1142,202412,0.8605,0.9216955258570598,0.9457092819614711,0.75006
PR01303,20241221,P5,L3,12,10.052,0.005556,1693,33,9,60,1735,202412,0.8376666666666667,0.9589793076004777,0.975792507204611,0.7838590000000002
PR01304,20241223,P5,L3,8,6.963,0.005556,1125,28,13,30,1165,202412,0.870375,0.929590693666523,0.9656652360515021,0.7813125
PR01305,20241225,P5,L3,12,11.556,0.005556,1873,32,12,0,1917,202412,0.963,0.9216728971962618,0.9770474700052165,0.8671990000000002
PR01306,20241226,P5,L3,8,7.654,0.005556,1222,38,18,0,1278,202412,0.95675,0.927693754899399,0.9561815336463224,0.8486790000000001
PR01307,20241227,P5,L3,8,7.246,0.005556,1164,19,7,0,1191,202412,0.90575,0.9132205354678442,0.9773299748110831,0.808398
PR01308,20241228,P5,L3,12,11.061,0.005556,1753,53,11,30,1817,202412,0.92175,0.9126889069704367,0.9647771051183269,0.811639
PR01309,20241230,P5,L3,16,15.762,0.005556,2773,34,48,0,2855,202412,0.985125,1.0,0.9712784588441331,0.9568306917688266
PR01310,20241231,P5,L3,12,10.313,0.005556,1623,71,10,45,1704,202412,0.8594166666666667,0.9180087268496073,0.9524647887323944,0.7514490000000001
PR01311,20240101,P6,L2,12,11.823,0.009091,1167,61,15,0,1243,202401,0.9852500000000001,0.9557737460881333,0.9388576025744167,0.8840997500000001
PR01312,20240102,P6,L2,16,14.218,0.009091,1345,70,14,30,1429,202401,0.888625,0.9137036854691237,0.9412176347095871,0.7642121875
PR01313,20240103,P6,L2,8,6.826,0.009091,666,30,5,30,700,202401,0.85325,0.9322736595370642,0.9514285714285714,0.75682575
PR01314,20240104,P6,L2,12,11.714,0.009091,1103,94,9,0,1206,202401,0.9761666666666667,0.9359523646918217,0.9145936981757877,0.8356144166666668
PR01315,20240108,P6,L2,12,10.6,0.009091,1055,47,19,30,1121,202401,0.8833333333333333,0.9614161320754717,0.9411239964317574,0.7992504166666666
PR01316,20240109,P6,L2,16,14.934,0.009091,1515,87,11,0,1613,202401,0.933375,0.9819059193785993,0.9392436453812771,0.8608040625000001
PR01317,20240110,P6,L2,12,10.78,0.009091,1070,75,13,60,1159,202401,0.8983333333333333,0.9774089981447125,0.9232096635030198,0.8106141666666666
PR01318,20240111,P6,L2,16,14.691,0.009091,1380,112,7,30,1499,202401,0.9181875,0.9276025457763256,0.9206137424949966,0.78409875
PR01319,20240112,P6,L2,12,11.892,0.009091,1131,58,12,0,1201,202401,0.991,0.9181206693575513,0.9417152373022482,0.85682675
PR01320,20240115,P6,L2,12,10.843,0.009091,1031,58,16,60,1105,202401,0.9035833333333333,0.9264553167942452,0.9330316742081448,0.7810684166666667
PR01321,20240117,P6,L2,16,14.635,0.009091,1442,67,8,30,1517,202401,0.9146875,0.9423332422275368,0.950560316413975,0.819326375
PR01322,20240118,P6,L2,12,11.021,0.009091,1052,59,8,30,1119,202401,0.9184166666666668,0.9230404681970783,0.9401251117068812,0.7969776666666668
PR01323,20240119,P6,L2,12,10.429,0.009091,1085,48,12,30,1145,202401,0.8690833333333333,0.9981009684533513,0.9475982532751092,0.8219779166666666
PR01324,20240122,P6,L2,8,7.504,0.009091,696,55,8,0,759,202401,0.938,0.9195187899786781,0.9169960474308301,0.7909170000000001
PR01325,20240123,P6,L2,12,11.578,0.009091,1157,81,20,0,1258,202401,0.9648333333333333,0.9877766453618934,0.9197138314785374,0.8765239166666667
PR01326,20240124,P6,L2,12,11.594,0.009091,1068,88,10,0,1165,202401,0.9661666666666666,0.9134910298430223,0.9167381974248927,0.809099
PR01327,20240125,P6,L2,8,7.0,0.009091,691,39,6,30,736,202401,0.875,0.9558537142857143,0.938858695652174,0.785235125
PR01328,20240126,P6,L2,16,15.657,0.009091,1510,110,17,0,1638,202401,0.9785625,0.9510799003640544,0.9218559218559218,0.857963125
PR01329,20240127,P6,L2,16,14.889,0.009091,1490,100,11,60,1601,202401,0.9305625,0.977546578010612,0.9306683322923173,0.8465993749999999
PR01330,20240129,P6,L2,12,11.283,0.009091,1085,53,7,30,1145,202401,0.9402499999999999,0.9225556146414962,0.9475982532751092,0.8219779166666666
PR01331,20240130,P6,L2,12,10.692,0.009091,1032,81,20,45,1132,202401,0.891,0.9624964459408903,0.911660777385159,0.781826
PR01332,20240131,P6,L2,8,7.623,0.009091,748,59,6,0,813,202401,0.952875,0.9695635576544668,0.9200492004920049,0.8500085000000001
PR01333,20240202,P6,L2,8,6.925,0.009091,676,44,7,45,728,202402,0.865625,0.9557036823104694,0.9285714285714286,0.7681895000000001
PR01334,20240204,P6,L2,12,11.649,0.009091,1137,49,19,0,1205,202402,0.9707499999999999,0.9403944544596105,0.9435684647302904,0.86137225
PR01335,20240205,P6,L2,12,10.74,0.009091,1054,48,17,60,1119,202402,0.895,0.947190782122905,0.9419124218051832,0.7984928333333333
PR01336,20240207,P6,L2,8,7.239,0.009091,698,49,7,30,754,202402,0.904875,0.9469006768890731,0.9257294429708223,0.7931897499999999
PR01337,20240208,P6,L2,16,14.957,0.009091,1504,89,15,45,1608,202402,0.9348125,0.9773569566089456,0.9353233830845771,0.8545539999999999
PR01338,20240213,P6,L2,16,15.173,0.009091,1524,72,24,30,1619,202402,0.9483125,0.9700342054966059,0.9413218035824583,0.86591775
PR01339,20240214,P6,L2,12,11.05,0.009091,1123,52,6,0,1181,202402,0.9208333333333334,0.9716263348416289,0.9508890770533446,0.8507660833333333
PR01340,20240216,P6,L2,12,10.8,0.009091,1063,63,14,60,1140,202402,0.9,0.9596055555555555,0.9324561403508772,0.8053110833333333
PR01341,20240219,P6,L2,16,15.673,0.009091,1597,88,14,0,1700,202402,0.9795625,0.9860715880814139,0.9394117647058824,0.9073954375000001
PR01342,20240220,P6,L2,12,11.868,0.009091,1217,74,10,0,1301,202402,0.989,0.9965782777216043,0.93543428132206,0.9219789166666668
PR01343,20240221,P6,L2,12,11.442,0.009091,1146,88,7,0,1242,202402,0.9535,0.9868049292081804,0.9227053140096618,0.8681905
PR01344,20240222,P6,L2,16,15.087,0.009091,1399,104,9,0,1512,202402,0.9429375,0.9110884867766952,0.9252645502645502,0.7948943125
PR01345,20240223,P6,L2,12,10.954,0.009091,1126,49,13,45,1189,202402,0.9128333333333334,0.9867809932444768,0.9470142977291842,0.8530388333333333
PR01346,20240224,P6,L2,12,11.467,0.009091,1155,55,21,0,1230,202402,0.9555833333333333,0.9751399668614283,0.9390243902439024,0.8750087499999999
PR01347,20240227,P6,L2,12,10.181,0.009091,989,79,13,45,1081,202402,0.8484166666666666,0.9652657892152048,0.9148936170212766,0.7492499166666666
PR01348,20240228,P6,L2,8,7.157,0.009091,717,44,10,30,770,202402,0.894625,0.9780732150342322,0.9311688311688312,0.8147808750000001
PR01349,20240229,P6,L2,16,15.12,0.009091,1427,80,12,45,1519,202402,0.945,0.9133087962962964,0.9394338380513496,0.8108035625000001
PR01350,20240301,P6,L2,12,11.756,0.009091,1118,90,22,0,1230,202403,0.9796666666666667,0.9511679142565498,0.9089430894308943,0.8469781666666666
PR01351,20240302,P6,L2,8,7.87,0.009091,793,57,9,0,858,202403,0.98375,0.991115374841169,0.9242424242424242,0.9011453749999999
PR01352,20240304,P6,L2,12,10.553,0.009091,1005,53,20,45,1078,202403,0.8794166666666667,0.9286551691462143,0.9322820037105751,0.76137125
PR01353,20240305,P6,L2,8,7.647,0.009091,725,33,9,0,767,202403,0.955875,0.9118343141101085,0.9452411994784876,0.823871875
PR01354,20240306,P6,L2,16,15.812,0.009091,1507,82,13,0,1601,202403,0.98825,0.9204838730078422,0.9412866958151156,0.8562585625
PR01355,20240307,P6,L2,12,11.106,0.009091,1078,55,21,45,1154,202403,0.9255,0.9446257878624167,0.9341421143847487,0.8166748333333333
PR01356,20240308,P6,L2,12,11.843,0.009091,1118,71,14,0,1203,202403,0.9869166666666667,0.9234546145402347,0.9293433083956775,0.8469781666666666
PR01357,20240309,P6,L2,16,15.818,0.009091,1525,105,21,0,1651,202403,0.988625,0.9488709697812618,0.9236826165960024,0.8664859374999999
PR01358,20240311,P6,L2,12,11.303,0.009091,1104,74,15,30,1193,202403,0.9419166666666667,0.9595295939131203,0.9253981559094719,0.836372
PR01359,20240312,P6,L2,12,11.182,0.009091,1131,86,13,0,1230,202403,0.9318333333333334,0.9999937399391879,0.9195121951219513,0.8568267500000001
PR01360,20240313,P6,L2,12,10.665,0.009091,1083,67,16,45,1166,202403,0.8887499999999999,0.9939152367557432,0.9288164665523156,0.8204627500000001
PR01361,20240314,P6,L2,12,11.68,0.009091,1120,61,21,0,1203,202403,0.9733333333333333,0.9363418664383562,0.9310058187863675,0.8484933333333333
PR01362,20240315,P6,L2,12,10.459,0.009091,1051,84,19,60,1154,202403,0.8715833333333333,1.0,0.9107452339688041,0.7937903668399768
PR01363,20240318,P6,L2,12,11.801,0.009091,1136,63,20,0,1219,202403,0.9834166666666667,0.9390669434793661,0.9319114027891715,0.8606146666666667
PR01364,20240319,P6,L2,12,11.316,0.009091,1150,58,14,0,1222,202403,0.9430000000000001,0.9817251679038529,0.9410801963993454,0.8712208333333333
PR01365,20240321,P6,L2,12,10.524,0.009091,1059,47,7,45,1113,202403,0.8769999999999999,0.9614484036488028,0.9514824797843666,0.80228075
PR01366,20240322,P6,L2,16,14.561,0.009091,1404,121,9,45,1534,202403,0.9100625,0.9577360071423666,0.9152542372881356,0.79773525
PR01367,20240325,P6,L2,8,7.004,0.009091,707,35,13,45,755,202403,0.8755,0.9799693032552829,0.9364238410596026,0.8034171250000001
PR01368,20240326,P6,L2,16,14.935,0.009091,1484,116,15,60,1616,202403,0.9334375,0.983666287244727,0.9183168316831684,0.84319025
PR01369,20240327,P6,L2,12,11.716,0.009091,1116,92,10,0,1218,202403,0.9763333333333333,0.9451039603960397,0.916256157635468,0.8454630000000001
PR01370,20240328,P6,L2,12,11.543,0.009091,1138,76,17,0,1231,202403,0.9619166666666666,0.9695071471887725,0.9244516653127539,0.8621298333333335
PR01371,20240329,P6,L2,16,15.348,0.009091,1491,93,9,30,1594,202403,0.95925,0.9441656241855616,0.9353826850690088,0.8471675625
PR01372,20240401,P6,L2,16,15.62,0.009091,1538,87,23,0,1647,202404,0.97625,0.9585708706786172,0.9338190649666059,0.873872375
PR01373,20240402,P6,L2,8,7.596,0.009091,789,34,10,0,834,202404,0.9495,0.9981429699842023,0.9460431654676259,0.896599875
PR01374,20240403,P6,L2,12,11.019,0.009091,1046,80,8,30,1134,202404,0.91825,0.9355834467737544,0.9223985890652557,0.7924321666666667
PR01375,20240404,P6,L2,12,10.953,0.009091,1095,69,11,45,1175,202404,0.91275,0.9752510727654524,0.9319148936170213,0.82955375
PR01376,20240405,P6,L2,8,6.797,0.009091,674,48,10,45,733,202404,0.849625,0.9803888480211859,0.9195088676671214,0.7659167499999999
PR01377,20240408,P6,L2,16,13.895,0.009091,1423,90,23,60,1535,202404,0.8684375,1.0,0.9270358306188925,0.8050726791530944
PR01378,20240409,P6,L2,8,6.548,0.009091,622,48,9,45,679,202404,0.8185,0.9426983811850946,0.9160530191458026,0.70682525
PR01379,20240410,P6,L2,8,7.88,0.009091,752,35,6,0,793,202404,0.985,0.9148684010152285,0.9482976040353089,0.854554
PR01380,20240411,P6,L2,12,11.156,0.009091,1128,79,6,30,1212,202404,0.9296666666666668,0.9876561491574041,0.9306930693069307,0.8545540000000001
PR01381,20240412,P6,L2,16,15.097,0.009091,1456,111,18,30,1585,202404,0.9435625,0.954443598065841,0.9186119873817035,0.827281
PR01382,20240415,P6,L2,8,7.814,0.009091,759,39,10,0,808,202404,0.97675,0.9400470949577681,0.9393564356435643,0.8625086249999999
PR01383,20240416,P6,L2,12,11.294,0.009091,1119,64,19,0,1202,202404,0.9411666666666667,0.9675386931113865,0.9309484193011647,0.8477357499999999
PR01384,20240417,P6,L2,8,7.115,0.009091,662,43,7,45,712,202404,0.889375,0.9097388615600843,0.9297752808988764,0.75228025
PR01385,20240418,P6,L2,8,7.253,0.009091,728,50,14,30,792,202404,0.906625,0.9927026058182822,0.9191919191919192,0.827281
PR01386,20240419,P6,L2,12,9.901,0.009091,923,58,7,45,988,202404,0.8250833333333333,0.9071718008281993,0.9342105263157895,0.6992494166666666
PR01387,20240422,P6,L2,12,10.557,0.009091,996,60,12,60,1067,202404,0.87975,0.9188308231505161,0.9334582942830365,0.7545529999999999
PR01388,20240423,P6,L2,8,7.106,0.009091,685,47,13,45,745,202404,0.88825,0.9531093442161555,0.9194630872483222,0.778416875
PR01389,20240424,P6,L2,16,14.873,0.009091,1483,106,29,45,1619,202404,0.9295625,0.9896005513346333,0.9159975293390982,0.8426220625
PR01390,20240425,P6,L2,16,15.089,0.009091,1440,82,16,45,1538,202404,0.9430625,0.9266325137517397,0.9362808842652796,0.81819
PR01391,20240426,P6,L2,16,15.203,0.009091,1426,100,26,30,1552,202404,0.9501875,0.9280557784647767,0.9188144329896907,0.810235375
PR01392,20240428,P6,L2,12,11.336,0.009091,1092,57,8,30,1158,202404,0.9446666666666667,0.9286677840508116,0.9430051813471503,0.827281
PR01393,20240429,P6,L2,8,6.632,0.009091,672,41,4,30,717,202404,0.829,0.9828478588661037,0.9372384937238494,0.763644
PR01394,20240430,P6,L2,16,15.626,0.009091,1585,80,20,0,1685,202404,0.976625,0.9803107001151926,0.9406528189910979,0.9005771874999999
PR01395,20240501,P6,L2,16,15.874,0.009091,1597,87,20,0,1705,202405,0.992125,0.9764492251480408,0.9366568914956012,0.9073954375
PR01396,20240502,P6,L2,16,14.919,0.009091,1418,74,9,0,1501,202405,0.9324375,0.9146451504792545,0.9447035309793471,0.805689875
PR01397,20240503,P6,L2,8,7.508,0.009091,740,37,6,0,783,202405,0.9385,0.948089104954715,0.9450830140485313,0.8409175000000001
PR01398,20240506,P6,L2,16,15.373,0.009091,1562,90,11,0,1664,202405,0.9608125,0.9840254992519353,0.9387019230769231,0.887508875
PR01399,20240507,P6,L2,8,7.26,0.009091,715,41,4,30,760,202405,0.9075,0.9516749311294767,0.9407894736842105,0.812508125
PR01400,20240508,P6,L2,8,6.572,0.009091,659,41,13,60,713,202405,0.8215,0.9862877358490566,0.9242636746143057,0.748871125
PR01401,20240510,P6,L2,8,6.609,0.009091,669,45,6,60,720,202405,0.826125,0.9903949160236042,0.9291666666666667,0.760234875
PR01402,20240513,P6,L2,8,6.46,0.009091,634,36,8,60,678,202405,0.8075,0.9541328173374614,0.9351032448377581,0.72046175
PR01403,20240514,P6,L2,12,11.537,0.009091,1167,75,15,0,1256,202405,0.9614166666666667,0.9897110167287856,0.929140127388535,0.88409975
PR01404,20240515,P6,L2,12,10.119,0.009091,962,45,15,60,1022,202405,0.8432499999999999,0.91817393023026,0.9412915851272016,0.7287951666666667
PR01405,20240516,P6,L2,12,10.844,0.009091,1041,47,12,30,1101,202405,0.9036666666666666,0.9230165068240501,0.9455040871934605,0.7886442499999999
PR01406,20240517,P6,L2,12,11.853,0.009091,1178,55,19,0,1252,202405,0.98775,0.9602574875558931,0.9408945686900958,0.8924331666666667
PR01407,20240518,P6,L2,12,10.715,0.009091,999,71,16,60,1086,202405,0.8929166666666667,0.9214023331777882,0.919889502762431,0.7568257500000001
PR01408,20240520,P6,L2,8,7.221,0.009091,750,35,8,30,794,202405,0.902625,0.9996197202603517,0.9445843828715366,0.85228125
PR01409,20240521,P6,L2,16,14.844,0.009091,1479,103,11,60,1593,202405,0.92775,0.9756105497170574,0.928436911487759,0.8403493125
PR01410,20240523,P6,L2,12,10.097,0.009091,991,58,11,0,1060,202405,0.8414166666666666,0.9543884322075864,0.9349056603773584,0.7507650833333332
PR01411,20240525,P6,L2,8,7.218,0.009091,708,50,11,30,769,202405,0.90225,0.968547935716265,0.9206762028608583,0.8045535
PR01412,20240527,P6,L2,8,6.498,0.009091,611,43,6,45,660,202405,0.81225,0.9233702677746999,0.9257575757575758,0.6943251250000001
PR01413,20240528,P6,L2,16,15.518,0.009091,1567,79,30,0,1676,202405,0.969875,0.9818608068050007,0.934964200477327,0.8903498125
PR01414,20240529,P6,L2,16,15.197,0.009091,1536,99,12,0,1647,202405,0.9498125,0.9852521550305983,0.9326047358834244,0.8727360000000001
PR01415,20240530,P6,L2,16,15.312,0.009091,1511,119,25,30,1655,202405,0.957,0.9826022074190178,0.9129909365558913,0.8585313125
PR01416,20240531,P6,L2,12,11.926,0.009091,1120,67,19,0,1206,202405,0.9938333333333333,0.9193146067415731,0.9286898839137645,0.8484933333333333
PR01417,20240604,P6,L2,16,15.693,0.009091,1569,116,11,0,1696,202406,0.9808125,0.9824976741222201,0.9251179245283019,0.8914861875
PR01418,20240605,P6,L2,8,6.82,0.009091,651,29,8,45,688,202406,0.8525,0.9170979472140762,0.9462209302325582,0.739780125
PR01419,20240606,P6,L2,8,7.05,0.009091,673,45,13,45,731,202406,0.88125,0.9426270921985817,0.920656634746922,0.7647803750000001
PR01420,20240607,P6,L2,12,11.662,0.009091,1104,86,21,0,1211,202406,0.9718333333333334,0.9440234093637455,0.911643270024773,0.8363720000000001
PR01421,20240610,P6,L2,8,7.369,0.009091,742,35,5,0,782,202406,0.921125,0.9647390419324197,0.948849104859335,0.84319025
PR01422,20240611,P6,L2,8,7.686,0.009091,745,56,13,0,815,202406,0.96075,0.9639819151704397,0.9141104294478528,0.846599375
PR01423,20240612,P6,L2,12,11.312,0.009091,1104,62,11,30,1177,202406,0.9426666666666667,0.9459076202263085,0.9379779099405268,0.8363720000000001
PR01424,20240613,P6,L2,16,14.705,0.009091,1463,65,17,60,1545,202406,0.9190625,0.955157769466168,0.946925566343042,0.8312583125
PR01425,20240614,P6,L2,16,15.216,0.009091,1502,111,9,30,1622,202406,0.951,0.9690853049421662,0.9260172626387176,0.853417625
PR01426,20240617,P6,L2,16,13.86,0.009091,1336,60,25,60,1421,202406,0.86625,0.9320570707070708,0.94018296973962,0.7590985000000001
PR01427,20240618,P6,L2,12,10.623,0.009091,1068,55,14,45,1136,202406,0.88525,0.9721713263673164,0.9401408450704225,0.8090990000000001
PR01428,20240619,P6,L2,16,14.254,0.009091,1401,84,9,45,1494,202406,0.890875,0.9528521116879473,0.9377510040160643,0.7960306875
PR01429,20240620,P6,L2,16,14.504,0.009091,1475,62,14,60,1551,202406,0.9065,0.972155336458908,0.9509993552546744,0.8380765625000001
PR01430,20240621,P6,L2,12,11.935,0.009091,1211,56,15,0,1282,202406,0.9945833333333334,0.9765112693757855,0.9446177847113885,0.9174334166666667
PR01431,20240624,P6,L2,16,15.848,0.009091,1587,97,30,0,1715,202406,0.9905,0.9837875441696113,0.9253644314868804,0.9017135625
PR01432,20240625,P6,L2,12,10.624,0.009091,1094,59,16,60,1168,202406,0.8853333333333334,0.9994623493975903,0.9366438356164384,0.8287961666666668
PR01433,20240626,P6,L2,12,11.522,0.009091,1136,84,9,0,1229,202406,0.9601666666666667,0.9696961465023433,0.9243287225386493,0.8606146666666666
PR01434,20240627,P6,L2,12,11.648,0.009091,1123,54,8,0,1185,202406,0.9706666666666667,0.9248656421703297,0.9476793248945148,0.8507660833333335
PR01435,20240628,P6,L2,16,15.851,0.009091,1501,119,22,0,1642,202406,0.9906875,0.9417337707400163,0.9141291108404385,0.8528494375
PR01436,20240630,P6,L2,8,7.866,0.009091,793,52,10,0,854,202406,0.98325,0.9869964403763032,0.9285714285714286,0.901145375
PR01437,20240701,P6,L2,12,11.646,0.009091,1142,57,16,0,1214,202407,0.9705,0.9476622016142882,0.9406919275123559,0.8651601666666667
PR01438,20240702,P6,L2,8,7.34,0.009091,736,40,5,30,782,202407,0.9175,0.9685506811989102,0.9411764705882353,0.836372
PR01439,20240703,P6,L2,8,7.048,0.009091,672,57,4,30,733,202407,0.881,0.9454743189557321,0.9167803547066848,0.763644
PR01440,20240704,P6,L2,16,15.639,0.009091,1608,83,29,0,1720,202407,0.9774375,0.9998414220858112,0.9348837209302325,0.9136455
PR01441,20240705,P6,L2,12,10.605,0.009091,1092,57,21,30,1169,202407,0.88375,1.0,0.9341317365269461,0.8255389221556887
PR01442,20240708,P6,L2,12,9.944,0.009091,943,62,8,60,1014,202407,0.8286666666666668,0.9270187047465809,0.9299802761341223,0.7144010833333334
PR01443,20240709,P6,L2,8,7.716,0.009091,745,34,13,0,792,202407,0.9645,0.933135303265941,0.9406565656565656,0.846599375
PR01444,20240710,P6,L2,8,6.988,0.009091,669,45,7,45,721,202407,0.8735,0.9379809673726388,0.9278779472954231,0.7602348750000001
PR01445,20240711,P6,L2,12,11.588,0.009091,1122,85,7,0,1213,202407,0.9656666666666666,0.9516209009319987,0.9249793899422918,0.8500085
PR01446,20240715,P6,L2,8,6.269,0.009091,624,37,12,45,673,202407,0.783625,0.9759519859626734,0.9271916790490342,0.709098
PR01447,20240716,P6,L2,12,10.804,0.009091,1061,81,20,30,1163,202407,0.9003333333333333,0.978603572750833,0.9122957867583835,0.8037959166666666
PR01448,20240717,P6,L2,12,10.729,0.009091,1077,53,10,0,1140,202407,0.8940833333333332,0.9659558206729426,0.9447368421052632,0.81591725
PR01449,20240718,P6,L2,12,11.629,0.009091,1133,93,23,0,1249,202407,0.9690833333333333,0.976408891564193,0.9071257005604484,0.8583419166666667
PR01450,20240719,P6,L2,8,6.829,0.009091,681,44,4,60,729,202407,0.853625,0.9704699077463758,0.934156378600823,0.773871375
PR01451,20240722,P6,L2,16,15.623,0.009091,1546,75,23,0,1644,202407,0.9764375,0.9566411060615759,0.940389294403893,0.878417875
PR01452,20240723,P6,L2,16,15.128,0.009091,1492,109,19,45,1620,202407,0.9455,0.9735206240084612,0.9209876543209876,0.84773575
PR01453,20240724,P6,L2,8,7.387,0.009091,748,43,5,0,796,202407,0.923375,0.9796177067821851,0.9396984924623115,0.8500085000000001
PR01454,20240726,P6,L2,16,15.736,0.009091,1481,110,12,0,1603,202407,0.9835,0.9260849644128113,0.9238927011852776,0.8414856875
PR01455,20240729,P6,L2,12,10.479,0.009091,1006,81,15,60,1101,202407,0.87325,0.9551666189521901,0.9137148047229791,0.7621288333333333
PR01456,20240731,P6,L2,12,11.15,0.009091,1143,58,6,30,1207,202407,0.9291666666666667,0.9841109417040359,0.9469759734879868,0.8659177500000002
PR01457,20240801,P6,L2,12,10.936,0.009091,1069,63,9,60,1141,202408,0.9113333333333333,0.9485032004389173,0.936897458369851,0.8098565833333333
PR01458,20240802,P6,L2,16,14.755,0.009091,1480,65,23,60,1568,202408,0.9221875,0.9660920365977634,0.9438775510204082,0.8409175
PR01459,20240804,P6,L2,8,6.385,0.009091,618,46,8,45,672,202408,0.798125,0.9567974941268599,0.9196428571428571,0.70227975
PR01460,20240805,P6,L2,8,7.282,0.009091,749,39,11,30,800,202408,0.91025,0.998736610821203,0.93625,0.851144875
PR01461,20240806,P6,L2,16,15.535,0.009091,1468,98,16,0,1581,202408,0.9709375,0.9251928548439009,0.9285262492093611,0.83409925
PR01462,20240807,P6,L2,12,10.546,0.009091,1058,75,10,30,1144,202408,0.8788333333333332,0.9861657500474115,0.9248251748251748,0.8015231666666667
PR01463,20240808,P6,L2,8,6.709,0.009091,686,35,4,45,725,202408,0.838625,0.9824079594574453,0.9462068965517242,0.7795532500000001
PR01464,20240809,P6,L2,12,11.075,0.009091,1132,68,7,30,1206,202408,0.9229166666666666,0.9899544920993228,0.9386401326699834,0.8575843333333333
PR01465,20240812,P6,L2,8,5.984,0.009091,584,29,7,60,620,202408,0.748,0.9419151069518718,0.9419354838709677,0.663643
PR01466,20240813,P6,L2,16,13.651,0.009091,1365,72,19,60,1456,202408,0.8531875,0.9696356310892975,0.9375,0.7755759375000001
PR01467,20240814,P6,L2,12,11.475,0.009091,1100,54,15,30,1170,202408,0.9562499999999999,0.9269254901960785,0.9401709401709402,0.8333416666666666
PR01468,20240815,P6,L2,12,11.428,0.009091,1104,84,16,30,1205,202408,0.9523333333333334,0.9585802415120755,0.9161825726141078,0.836372
PR01469,20240816,P6,L2,16,14.071,0.009091,1439,87,21,45,1547,202408,0.8794375,0.9994866747210576,0.9301874595992243,0.8176218125
PR01470,20240818,P6,L2,16,15.014,0.009091,1460,120,14,45,1594,202408,0.938375,0.9651694418542694,0.9159347553324969,0.8295537500000001
PR01471,20240819,P6,L2,12,10.183,0.009091,951,74,13,45,1037,202408,0.8485833333333334,0.9257946577629382,0.9170684667309547,0.72046175
PR01472,20240820,P6,L2,8,6.47,0.009091,646,44,12,45,702,202408,0.80875,0.9863805255023185,0.9202279202279202,0.73409825
PR01473,20240821,P6,L2,12,10.89,0.009091,1037,77,20,45,1134,202408,0.9075000000000001,0.9466661157024793,0.9144620811287478,0.7856139166666667
PR01474,20240822,P6,L2,8,6.466,0.009091,634,40,9,45,682,202408,0.80825,0.9588713269409217,0.9296187683284457,0.72046175
PR01475,20240823,P6,L2,12,10.476,0.009091,995,56,8,60,1059,202408,0.8730000000000001,0.9189928407789232,0.939565627950897,0.7537954166666666
PR01476,20240826,P6,L2,8,6.838,0.009091,643,48,12,30,703,202408,0.85475,0.9346260602515355,0.914651493598862,0.7306891249999999
PR01477,20240827,P6,L2,16,15.067,0.009091,1433,88,9,45,1530,202408,0.9416875,0.9231585584389727,0.9366013071895425,0.8142126875000001
PR01478,20240828,P6,L2,12,10.654,0.009091,1001,69,10,60,1079,202408,0.8878333333333334,0.9207048057067768,0.927710843373494,0.7583409166666667
PR01479,20240829,P6,L2,8,6.941,0.009091,715,40,4,30,758,202408,0.867625,0.9927932574556981,0.9432717678100264,0.8125081250000001
PR01480,20240830,P6,L2,8,7.811,0.009091,733,51,7,0,792,202408,0.976375,0.9217861989501985,0.9255050505050505,0.8329628750000001
PR01481,20240901,P6,L2,12,10.864,0.009091,1064,70,17,45,1150,202409,0.9053333333333334,0.9623205081001472,0.9252173913043479,0.8060686666666668
PR01482,20240902,P6,L2,12,11.603,0.009091,1104,63,10,0,1176,202409,0.9669166666666666,0.9214010169783676,0.9387755102040817,0.836372
PR01483,20240903,P6,L2,8,7.425,0.009091,708,46,11,0,765,202409,0.928125,0.936648484848485,0.9254901960784314,0.8045535
PR01484,20240904,P6,L2,8,7.653,0.009091,795,36,5,0,837,202409,0.956625,0.9942724421795375,0.9498207885304659,0.903418125
PR01485,20240905,P6,L2,12,10.766,0.009091,1023,54,18,60,1095,202409,0.8971666666666667,0.9246372840423555,0.9342465753424658,0.7750077499999999
PR01486,20240906,P6,L2,16,15.321,0.009091,1503,122,11,0,1637,202409,0.9575625,0.9713443639449122,0.918142944410507,0.8539858124999999
PR01487,20240909,P6,L2,8,6.058,0.009091,573,47,4,30,624,202409,0.75725,0.936412017167382,0.9182692307692307,0.651142875
PR01488,20240910,P6,L2,8,7.79,0.009091,750,44,8,0,803,202409,0.97375,0.937108215661104,0.933997509339975,0.85228125
PR01489,20240911,P6,L2,12,10.823,0.009091,1037,48,10,30,1096,202409,0.9019166666666667,0.9206075949367089,0.9461678832116789,0.7856139166666668
PR01490,20240912,P6,L2,8,7.072,0.009091,661,41,4,45,706,202409,0.884,0.9075574095022624,0.9362606232294618,0.751143875
PR01491,20240913,P6,L2,8,7.863,0.009091,783,53,10,0,846,202409,0.982875,0.9781236169400992,0.925531914893617,0.889781625
PR01492,20240916,P6,L2,16,14.996,0.009091,1416,90,7,45,1514,202409,0.93725,0.9178296879167778,0.9352708058124174,0.8045534999999999
PR01493,20240917,P6,L2,12,10.623,0.009091,1074,76,7,30,1157,202409,0.88525,0.9901428033512192,0.9282627484874676,0.8136445000000001
PR01494,20240918,P6,L2,12,9.748,0.009091,1002,55,16,60,1072,202409,0.8123333333333332,0.9997488715633976,0.9347014925373134,0.7590984999999999
PR01495,20240919,P6,L2,8,7.639,0.009091,767,61,7,0,836,202409,0.954875,0.9949045686608196,0.9174641148325359,0.871599625
PR01496,20240920,P6,L2,8,7.233,0.009091,707,56,13,30,776,202409,0.904125,0.9753374809899075,0.9110824742268041,0.8034171250000001
PR01497,20240922,P6,L2,12,11.429,0.009091,1110,52,21,0,1183,202409,0.9524166666666667,0.9409968501181205,0.9382924767540152,0.8409174999999999
PR01498,20240923,P6,L2,12,11.672,0.009091,1104,72,13,0,1189,202409,0.9726666666666667,0.9260794208361891,0.928511354079058,0.8363719999999999
PR01499,20240924,P6,L2,8,5.524,0.009091,527,28,10,60,565,202409,0.6905,0.9298361694424331,0.9327433628318584,0.5988696250000001
PR01500,20240925,P6,L2,8,7.262,0.009091,702,57,6,30,766,202409,0.90775,0.9589239878821262,0.9164490861618799,0.79773525
PR01501,20240926,P6,L2,12,10.809,0.009091,1035,51,19,45,1106,202409,0.9007499999999999,0.9302105652696827,0.9358047016274864,0.78409875
PR01502,20240929,P6,L2,12,10.629,0.009091,1037,48,16,45,1101,202409,0.8857499999999999,0.941686988427886,0.9418710263396912,0.7856139166666667
PR01503,20240930,P6,L2,16,15.752,0.009091,1475,121,17,0,1614,202409,0.9845,0.9314927628237684,0.9138785625774474,0.8380765625000001
PR01504,20241001,P6,L2,16,15.134,0.009091,1506,81,21,30,1607,202410,0.945875,0.9653255583454473,0.9371499688861232,0.855690375
PR01505,20241002,P6,L2,12,9.997,0.009091,1034,50,19,45,1103,202410,0.8330833333333333,1.0,0.9374433363553943,0.7809684194620731
PR01506,20241003,P6,L2,16,15.335,0.009091,1481,81,28,30,1590,202410,0.9584375,0.9425947179654385,0.9314465408805032,0.8414856875
PR01507,20241004,P6,L2,16,15.608,0.009091,1541,102,29,0,1672,202410,0.9755,0.9738692977960021,0.9216507177033493,0.8755769375000001
PR01508,20241007,P6,L2,8,7.554,0.009091,743,49,10,0,803,202410,0.94425,0.9663850939899391,0.925280199252802,0.8443266250000001
PR01509,20241008,P6,L2,16,14.457,0.009091,1373,104,14,0,1492,202410,0.9035625,0.9382148440201978,0.9202412868632708,0.7801214375
PR01510,20241009,P6,L2,12,11.343,0.009091,1117,60,14,30,1191,202410,0.94525,0.9545429780481355,0.9378673383711167,0.8462205833333334
PR01511,20241010,P6,L2,16,15.541,0.009091,1497,124,14,0,1635,202410,0.9713125,0.9564239752911653,0.9155963302752294,0.8505766875
PR01512,20241011,P6,L2,12,11.826,0.009091,1154,89,19,0,1262,202410,0.9855,0.9701371554202604,0.9144215530903328,0.8742511666666667
PR01513,20241013,P6,L2,8,7.728,0.009091,737,58,13,0,808,202410,0.966,0.950508281573499,0.9121287128712872,0.837508375
PR01514,20241016,P6,L2,12,11.644,0.009091,1080,81,15,0,1177,202410,0.9703333333333334,0.9189373926485744,0.9175870858113849,0.8181900000000001
PR01515,20241017,P6,L2,12,11.193,0.009091,1066,67,12,30,1144,202410,0.93275,0.9291614401858305,0.9318181818181818,0.8075838333333333
PR01516,20241018,P6,L2,8,6.796,0.009091,645,51,8,60,705,202410,0.8495,0.9430775456150676,0.9148936170212766,0.732961875
PR01517,20241020,P6,L2,12,11.192,0.009091,1074,81,12,30,1167,202410,0.9326666666666666,0.9479268227305218,0.9203084832904884,0.8136445
PR01518,20241021,P6,L2,12,10.496,0.009091,986,71,12,0,1069,202410,0.8746666666666667,0.925903105945122,0.9223573433115061,0.7469771666666668
PR01519,20241022,P6,L2,8,7.168,0.009091,686,32,4,30,722,202410,0.896,0.9156950334821429,0.9501385041551247,0.7795532500000001
PR01520,20241023,P6,L2,12,10.744,0.009091,1052,49,7,0,1108,202410,0.8953333333333333,0.937530528667163,0.9494584837545126,0.7969776666666666
PR01521,20241025,P6,L2,16,14.902,0.009091,1524,95,10,60,1629,202410,0.931375,0.993775265065092,0.9355432780847146,0.86591775
PR01522,20241026,P6,L2,16,14.912,0.009091,1419,68,25,60,1512,202410,0.932,0.9217805793991416,0.9384920634920635,0.8062580625
PR01523,20241028,P6,L2,8,7.438,0.009091,718,48,7,30,773,202410,0.92975,0.9447893250873891,0.9288486416558862,0.81591725
PR01524,20241029,P6,L2,12,11.854,0.009091,1173,92,7,0,1272,202410,0.9878333333333332,0.9755147629492156,0.9221698113207547,0.8886452499999999
PR01525,20241030,P6,L2,12,11.467,0.009091,1052,85,13,0,1150,202410,0.9555833333333333,0.9117162291793843,0.9147826086956522,0.7969776666666667
PR01526,20241031,P6,L2,16,14.405,0.009091,1371,95,17,30,1483,202410,0.9003125,0.9359217632766401,0.9244774106540796,0.7789850625000001
PR01527,20241101,P6,L2,12,10.809,0.009091,1033,75,13,45,1120,202411,0.9007499999999999,0.9419853825515775,0.9223214285714286,0.7825835833333333
PR01528,20241102,P6,L2,12,10.963,0.009091,1080,47,8,45,1135,202411,0.9135833333333333,0.9411917358387303,0.9515418502202643,0.81819
PR01529,20241104,P6,L2,12,10.984,0.009091,1083,50,6,0,1139,202411,0.9153333333333333,0.9427029315367808,0.9508340649692713,0.82046275
PR01530,20241107,P6,L2,12,10.792,0.009091,1021,67,11,30,1099,202411,0.8993333333333333,0.9257791882876205,0.9290263876251137,0.7734925833333333
PR01531,20241108,P6,L2,16,15.353,0.009091,1533,72,23,30,1628,202411,0.9595625,0.9639906207255912,0.9416461916461917,0.8710314375
PR01532,20241109,P6,L2,12,10.794,0.009091,1034,57,18,0,1109,202411,0.8995000000000001,0.9340299240318696,0.9323715058611362,0.7833411666666668
PR01533,20241111,P6,L2,16,14.741,0.009091,1392,90,12,60,1494,202411,0.9213125,0.9213726341496506,0.9317269076305221,0.790917
PR01534,20241112,P6,L2,16,14.529,0.009091,1468,88,17,60,1573,202411,0.9080625,0.9842482620964967,0.9332485696122059,0.83409925
PR01535,20241113,P6,L2,8,6.689,0.009091,638,35,9,45,682,202411,0.836125,0.9269041710270594,0.9354838709677419,0.72500725
PR01536,20241114,P6,L2,12,10.962,0.009091,1021,82,12,60,1115,202411,0.9135,0.9246912059843094,0.915695067264574,0.7734925833333333
PR01537,20241115,P6,L2,8,7.582,0.009091,774,48,15,0,837,202411,0.94775,1.0,0.9247311827956989,0.8764139784946235
PR01538,20241118,P6,L2,8,7.674,0.009091,775,42,15,0,832,202411,0.95925,0.9856283554860568,0.9314903846153846,0.880690625
PR01539,20241119,P6,L2,12,10.938,0.009091,1045,82,5,0,1132,202411,0.9115000000000001,0.9408495154507223,0.9231448763250883,0.7916745833333334
PR01540,20241120,P6,L2,8,7.435,0.009091,752,49,14,0,816,202411,0.929375,0.9977479488903834,0.9215686274509803,0.854554
PR01541,20241121,P6,L2,12,10.091,0.009091,939,79,13,45,1031,202411,0.8409166666666666,0.928829749281538,0.9107662463627546,0.71137075
PR01542,20241122,P6,L2,12,10.564,0.009091,1001,68,10,45,1079,202411,0.8803333333333333,0.9285487504733055,0.927710843373494,0.7583409166666667
PR01543,20241125,P6,L2,16,15.082,0.009091,1479,111,12,45,1603,202411,0.942625,0.9662427396896962,0.9226450405489707,0.8403493125
PR01544,20241127,P6,L2,8,7.756,0.009091,805,39,8,0,852,202411,0.9695,0.9986503352243424,0.9448356807511737,0.914781875
PR01545,20241128,P6,L2,16,15.911,0.009091,1626,69,18,0,1713,202411,0.9944375,0.9787494814907927,0.9492119089316988,0.9238728750000001
PR01546,20241129,P6,L2,16,14.717,0.009091,1353,111,14,45,1478,202411,0.9198125,0.9129916423184072,0.915426251691475,0.7687576875
PR01547,20241202,P6,L2,8,7.138,0.009091,684,53,7,30,743,202412,0.89225,0.9462892967217709,0.9205921938088829,0.7772805
PR01548,20241203,P6,L2,16,14.783,0.009091,1419,122,14,60,1555,202412,0.9239375,0.9562676723263208,0.912540192926045,0.8062580625
PR01549,20241204,P6,L2,12,11.595,0.009091,1176,83,22,0,1281,202412,0.96625,1.0,0.9180327868852459,0.887049180327869
PR01550,20241205,P6,L2,12,11.515,0.009091,1084,57,12,0,1154,202412,0.9595833333333333,0.9110737299174989,0.9393414211438474,0.8212203333333333
PR01551,20241206,P6,L2,12,10.692,0.009091,1073,88,15,60,1176,202412,0.891,0.9999079685746352,0.9124149659863946,0.8128869166666667
PR01552,20241208,P6,L2,8,6.895,0.009091,635,49,5,45,688,202412,0.861875,0.9071222625090646,0.9229651162790697,0.721598125
PR01553,20241209,P6,L2,12,11.324,0.009091,1096,47,18,0,1161,202412,0.9436666666666667,0.9320603143765454,0.9440137812230835,0.8303113333333333
PR01554,20241210,P6,L2,12,11.87,0.009091,1112,71,10,0,1193,202412,0.9891666666666666,0.9136952822240945,0.9321039396479464,0.8424326666666667
PR01555,20241211,P6,L2,12,11.785,0.009091,1092,88,17,0,1197,202412,0.9820833333333333,0.9233709800593977,0.9122807017543859,0.827281
PR01556,20241217,P6,L2,16,14.703,0.009091,1452,109,27,30,1587,202412,0.9189375,0.9812566823097327,0.9149338374291115,0.82500825
PR01557,20241218,P6,L2,16,15.014,0.009091,1414,85,9,0,1508,202412,0.938375,0.9130963101105635,0.9376657824933687,0.803417125
PR01558,20241219,P6,L2,8,7.28,0.009091,697,41,7,0,745,202412,0.91,0.9303289835164835,0.9355704697986578,0.7920533750000001
PR01559,20241220,P6,L2,12,11.508,0.009091,1122,94,21,0,1237,202412,0.959,0.9771956030587418,0.9070331447049312,0.8500085
PR01560,20241222,P6,L2,16,15.603,0.009091,1446,103,17,0,1565,202412,0.9751875,0.9118384285073384,0.923961661341853,0.821599125
PR01561,20241223,P6,L2,16,14.921,0.009091,1429,64,27,45,1520,202412,0.9325625,0.9260987869445748,0.9401315789473684,0.8119399375
PR01562,20241224,P6,L2,12,10.616,0.009091,1040,60,16,0,1116,202412,0.8846666666666666,0.955685380557649,0.931899641577061,0.7878866666666667
PR01563,20241226,P6,L2,8,7.389,0.009091,751,39,12,0,802,202412,0.923625,0.9867346054946543,0.9364089775561097,0.8534176250000001
PR01564,20241227,P6,L2,8,7.741,0.009091,737,48,8,0,793,202412,0.967625,0.9312960857770315,0.9293820933165196,0.8375083750000001
PR01565,20241228,P6,L2,12,10.813,0.009091,1069,53,21,60,1143,202412,0.9010833333333333,0.9609741052436882,0.9352580927384077,0.8098565833333333
PR01566,20241229,P6,L2,12,10.66,0.009091,1034,57,10,30,1101,202412,0.8883333333333333,0.9389484990619137,0.9391462306993642,0.7833411666666666
PR01567,20241231,P6,L2,8,7.034,0.009091,661,56,5,30,721,202412,0.87925,0.9318468865510379,0.9167822468793343,0.7511438750000001
PR01568,20240101,P7,L3,8,7.316,0.016667,409,8,6,0,422,202401,0.9145,0.961382449425916,0.9691943127962085,0.852100375
PR01569,20240102,P7,L3,16,15.873,0.016667,871,29,8,0,908,202401,0.9920625,0.9534200214200215,0.9592511013215859,0.9073098125
PR01570,20240103,P7,L3,8,7.847,0.016667,419,16,7,0,441,202401,0.980875,0.9366824264049955,0.9501133786848073,0.8729341250000001
PR01571,20240105,P7,L3,12,10.831,0.016667,599,30,6,30,635,202401,0.9025833333333333,0.9771530791247347,0.9433070866141732,0.8319610833333334
PR01572,20240108,P7,L3,12,11.789,0.016667,637,33,5,0,675,202401,0.9824166666666666,0.9542984986003903,0.9437037037037037,0.8847399166666667
PR01573,20240109,P7,L3,16,15.297,0.016667,825,23,5,30,853,202401,0.9560625,0.9293947179185462,0.9671746776084408,0.8593921875000001
PR01574,20240110,P7,L3,16,15.736,0.016667,829,31,6,0,866,202401,0.9835,0.9172357651245552,0.9572748267898383,0.8635589375000001
PR01575,20240111,P7,L3,8,7.219,0.016667,406,13,3,0,422,202401,0.902375,0.9743003186036848,0.9620853080568721,0.8458502500000001
PR01576,20240112,P7,L3,12,11.284,0.016667,618,28,8,30,655,202401,0.9403333333333334,0.9674658808933002,0.9435114503816794,0.8583504999999999
PR01577,20240116,P7,L3,8,7.169,0.016667,383,7,7,45,397,202401,0.896125,0.9229737759799136,0.964735516372796,0.7979326250000001
PR01578,20240117,P7,L3,12,11.139,0.016667,646,9,13,0,668,202401,0.9282499999999999,0.9995112667205316,0.9670658682634731,0.8972401666666667
PR01579,20240118,P7,L3,8,6.005,0.016667,326,8,3,60,337,202401,0.750625,0.9353503746877603,0.9673590504451038,0.67918025
PR01580,20240119,P7,L3,16,14.245,0.016667,754,24,15,60,793,202401,0.8903125,0.9278294840294842,0.9508196721311475,0.785432375
PR01581,20240120,P7,L3,8,7.88,0.016667,436,18,5,0,459,202401,0.985,0.9708315989847717,0.9498910675381264,0.9083515000000001
PR01582,20240122,P7,L3,16,14.216,0.016667,794,26,14,60,834,202401,0.8885,0.977791080472707,0.9520383693045563,0.827099875
PR01583,20240123,P7,L3,16,15.005,0.016667,802,30,12,0,844,202401,0.9378125,0.9374840386537822,0.9502369668246445,0.8354333750000001
PR01584,20240124,P7,L3,16,15.141,0.016667,850,10,13,45,873,202401,0.9463125,0.96098613037448,0.9736540664375716,0.8854343750000001
PR01585,20240125,P7,L3,8,7.662,0.016667,437,11,6,0,454,202401,0.95775,0.9875773949360481,0.9625550660792952,0.9104348750000001
PR01586,20240126,P7,L3,8,7.735,0.016667,440,5,9,0,454,202401,0.966875,0.9782570135746607,0.9691629955947136,0.9166850000000001
PR01587,20240129,P7,L3,12,10.959,0.016667,592,8,12,60,611,202401,0.91325,0.9292396204033216,0.9689034369885434,0.8222386666666669
PR01588,20240131,P7,L3,12,10.238,0.016667,536,19,8,60,564,202401,0.8531666666666666,0.9181664387575699,0.950354609929078,0.7444593333333334
PR01589,20240201,P7,L3,16,14.281,0.016667,832,12,14,60,857,202402,0.8925625,1.0,0.970828471411902,0.8665250875145858
PR01590,20240202,P7,L3,8,7.524,0.016667,395,16,4,0,416,202402,0.9405,0.9215140882509304,0.9495192307692307,0.8229331249999999
PR01591,20240205,P7,L3,12,11.12,0.016667,635,13,5,30,653,202402,0.9266666666666666,0.9787366007194246,0.9724349157733537,0.8819620833333335
PR01592,20240206,P7,L3,12,10.704,0.016667,604,9,9,30,622,202402,0.892,0.9685046711509716,0.9710610932475884,0.8389056666666665
PR01593,20240207,P7,L3,16,15.722,0.016667,856,42,12,0,910,202402,0.982625,0.9646972395369546,0.9406593406593406,0.8916845
PR01594,20240208,P7,L3,16,15.79,0.016667,855,45,11,0,910,202402,0.986875,0.9605427485750476,0.9395604395604396,0.8906428125000001
PR01595,20240209,P7,L3,12,11.656,0.016667,607,25,6,0,637,202402,0.9713333333333334,0.9108509780370625,0.9529042386185244,0.8430724166666668
PR01596,20240212,P7,L3,12,10.532,0.016667,564,11,4,45,579,202402,0.8776666666666667,0.9162735472844665,0.9740932642487047,0.7833490000000002
PR01597,20240213,P7,L3,8,7.045,0.016667,404,9,3,0,416,202402,0.880625,0.984169198012775,0.9711538461538461,0.8416835
PR01598,20240214,P7,L3,8,6.948,0.016667,404,7,3,30,414,202402,0.8685,0.9931113989637306,0.9758454106280193,0.8416835
PR01599,20240215,P7,L3,16,15.631,0.016667,880,18,12,0,911,202402,0.9769375,0.9713797581728617,0.9659714599341384,0.9166850000000001
PR01600,20240219,P7,L3,16,15.921,0.016667,905,32,10,0,948,202402,0.9950625,0.9924198228754476,0.9546413502109705,0.9427271875000001
PR01601,20240220,P7,L3,16,14.757,0.016667,787,40,11,30,838,202402,0.9223125,0.9464624246120487,0.9391408114558473,0.8198080625000002
PR01602,20240221,P7,L3,12,11.06,0.016667,621,29,7,30,657,202402,0.9216666666666667,0.9900740506329114,0.9452054794520548,0.8625172500000001
PR01603,20240222,P7,L3,12,9.972,0.016667,532,12,10,60,553,202402,0.831,0.9242730645808264,0.9620253164556962,0.7389036666666667
PR01604,20240223,P7,L3,12,10.721,0.016667,596,13,6,30,615,202402,0.8934166666666666,0.9560866523645183,0.9691056910569106,0.8277943333333334
PR01605,20240226,P7,L3,12,10.092,0.016667,547,19,7,60,574,202402,0.8410000000000001,0.9479645263575108,0.9529616724738676,0.7597374166666667
PR01606,20240227,P7,L3,12,11.781,0.016667,656,18,13,0,687,202402,0.98175,0.9719233511586453,0.9548762736535662,0.9111293333333332
PR01607,20240228,P7,L3,8,7.334,0.016667,399,6,6,30,411,202402,0.91675,0.9340246795745842,0.9708029197080292,0.831266625
PR01608,20240229,P7,L3,16,15.54,0.016667,882,11,10,0,902,202402,0.97125,0.9674153153153154,0.9778270509977827,0.9187683750000001
PR01609,20240301,P7,L3,12,11.802,0.016667,650,23,3,0,676,202403,0.9834999999999999,0.9546595492289444,0.9615384615384616,0.9027958333333334
PR01610,20240304,P7,L3,16,14.448,0.016667,807,26,16,45,848,202403,0.903,0.9782403100775194,0.9516509433962265,0.8406418125000001
PR01611,20240305,P7,L3,16,14.52,0.016667,836,19,15,60,870,202403,0.9075,0.9986425619834712,0.960919540229885,0.87085075
PR01612,20240307,P7,L3,12,11.514,0.016667,629,7,7,0,643,202403,0.9594999999999999,0.9307695848532223,0.9782270606531882,0.8736285833333333
PR01613,20240308,P7,L3,16,15.744,0.016667,866,27,6,0,899,202403,0.984,0.9517043318089432,0.9632925472747497,0.902101375
PR01614,20240310,P7,L3,16,14.851,0.016667,855,17,11,0,883,202403,0.9281875,0.990974412497475,0.9682899207248018,0.8906428125000001
PR01615,20240311,P7,L3,8,6.253,0.016667,360,8,5,30,373,202403,0.781625,0.9942093395170319,0.9651474530831099,0.7500150000000001
PR01616,20240312,P7,L3,12,10.669,0.016667,576,9,8,30,593,202403,0.8890833333333333,0.9263783859780674,0.9713322091062394,0.8000160000000001
PR01617,20240313,P7,L3,8,6.964,0.016667,391,19,5,30,415,202403,0.8705,0.9932230040206778,0.9421686746987952,0.814599625
PR01618,20240314,P7,L3,8,7.657,0.016667,434,8,5,0,447,202403,0.957125,0.972985372861434,0.970917225950783,0.9041847500000001
PR01619,20240315,P7,L3,12,10.221,0.016667,581,10,11,60,601,202403,0.85175,0.9800280794442815,0.9667221297836939,0.8069605833333334
PR01620,20240316,P7,L3,12,11.478,0.016667,625,16,8,0,650,202403,0.9565,0.9438534587907301,0.9615384615384616,0.8680729166666667
PR01621,20240318,P7,L3,12,10.617,0.016667,580,17,7,60,604,202403,0.88475,0.948183856079872,0.9602649006622517,0.8055716666666668
PR01622,20240319,P7,L3,12,11.5,0.016667,659,24,4,0,687,202403,0.9583333333333334,0.9956720869565218,0.9592430858806404,0.9152960833333333
PR01623,20240320,P7,L3,12,11.295,0.016667,604,32,9,30,645,202403,0.94125,0.9517675962815406,0.9364341085271318,0.8389056666666668
PR01624,20240321,P7,L3,12,10.925,0.016667,619,21,9,30,648,202403,0.9104166666666668,0.988578123569794,0.9552469135802469,0.8597394166666668
PR01625,20240322,P7,L3,16,15.641,0.016667,862,41,14,0,917,202403,0.9775625,0.9771522920529379,0.9400218102508179,0.8979346250000001
PR01626,20240324,P7,L3,8,7.261,0.016667,417,12,8,0,437,202403,0.907625,1.0,0.954233409610984,0.8660860983981694
PR01627,20240325,P7,L3,16,14.719,0.016667,792,21,13,30,826,202403,0.9199375,0.9353177525647123,0.9588377723970944,0.8250165
PR01628,20240326,P7,L3,16,14.596,0.016667,813,41,9,30,864,202403,0.91225,0.9865913949027132,0.9409722222222222,0.8468919375
PR01629,20240327,P7,L3,8,7.768,0.016667,409,11,3,0,424,202403,0.971,0.9097332646755923,0.964622641509434,0.8521003750000001
PR01630,20240328,P7,L3,8,6.111,0.016667,343,7,6,60,356,202403,0.763875,0.970946162657503,0.9634831460674157,0.7145976250000001
PR01631,20240329,P7,L3,16,14.591,0.016667,838,16,13,60,867,202403,0.9119375,0.990356315536975,0.9665513264129181,0.8729341250000001
PR01632,20240401,P7,L3,12,10.66,0.016667,573,17,8,30,598,202404,0.8883333333333333,0.934978048780488,0.9581939799331104,0.7958492500000002
PR01633,20240402,P7,L3,12,11.076,0.016667,618,32,12,45,662,202404,0.923,0.9961677500902854,0.9335347432024169,0.8583505000000001
PR01634,20240403,P7,L3,16,14.064,0.016667,798,22,9,60,828,202404,0.879,0.9812482935153584,0.9637681159420289,0.8312666249999999
PR01635,20240404,P7,L3,12,11.181,0.016667,630,16,8,0,655,202404,0.93175,0.9763782309274663,0.9618320610687023,0.8750175000000001
PR01636,20240405,P7,L3,12,9.909,0.016667,535,21,5,45,561,202404,0.8257500000000001,0.9436055101422948,0.9536541889483066,0.7430704166666666
PR01637,20240408,P7,L3,16,15.725,0.016667,857,39,14,0,910,202404,0.9828125,0.9645131955484898,0.9417582417582417,0.8927261875
PR01638,20240409,P7,L3,16,14.478,0.016667,806,10,8,60,823,202404,0.904875,0.9474334162177097,0.9793438639125152,0.839600125
PR01639,20240410,P7,L3,16,15.733,0.016667,871,22,6,0,899,202404,0.9833125,0.952369732409585,0.9688542825361512,0.9073098125
PR01640,20240412,P7,L3,8,7.074,0.016667,385,20,6,30,411,202404,0.88425,0.9683541136556404,0.9367396593673966,0.802099375
PR01641,20240414,P7,L3,12,10.232,0.016667,562,12,6,30,580,202404,0.8526666666666666,0.9447673964034404,0.9689655172413794,0.7805711666666668
PR01642,20240415,P7,L3,12,10.698,0.016667,591,6,4,45,601,202404,0.8915000000000001,0.9363308094971023,0.9833610648918469,0.8208497500000002
PR01643,20240416,P7,L3,8,7.425,0.016667,424,9,8,0,441,202404,0.928125,0.989918787878788,0.9614512471655329,0.8833510000000001
PR01644,20240417,P7,L3,8,6.278,0.016667,360,8,6,60,374,202404,0.78475,0.992905065307423,0.9625668449197861,0.7500150000000001
PR01645,20240418,P7,L3,12,11.754,0.016667,652,8,12,0,672,202404,0.9794999999999999,0.9528861664114344,0.9702380952380952,0.9055736666666666
PR01646,20240422,P7,L3,8,7.181,0.016667,414,10,6,30,430,202404,0.897625,0.9980239520958085,0.9627906976744186,0.8625172500000001
PR01647,20240423,P7,L3,8,6.55,0.016667,359,15,4,45,378,202404,0.81875,0.9618512977099237,0.9497354497354498,0.7479316250000001
PR01648,20240424,P7,L3,16,15.086,0.016667,799,30,13,30,843,202404,0.942875,0.9313456847408194,0.9478054567022538,0.8323083125
PR01649,20240425,P7,L3,16,14.747,0.016667,842,18,10,30,870,202404,0.9216875,0.9832704956940396,0.967816091954023,0.8771008750000001
PR01650,20240426,P7,L3,8,6.727,0.016667,379,16,7,45,401,202404,0.840875,0.993528616024974,0.9451371571072319,0.789599125
PR01651,20240429,P7,L3,16,15.303,0.016667,861,28,14,30,903,202404,0.9564375,0.9834869633405214,0.9534883720930233,0.8968929375000001
PR01652,20240430,P7,L3,8,6.464,0.016667,354,12,6,0,372,202404,0.808,0.9591775990099011,0.9516129032258065,0.7375147500000001
PR01653,20240501,P7,L3,8,6.832,0.016667,366,9,4,60,379,202405,0.854,0.9245891393442623,0.9656992084432717,0.7625152500000001
PR01654,20240502,P7,L3,16,15.102,0.016667,848,41,14,45,903,202405,0.943875,0.9965766785856178,0.9390919158361019,0.883351
PR01655,20240503,P7,L3,12,10.852,0.016667,611,29,10,30,649,202405,0.9043333333333333,0.9967640066347218,0.9414483821263482,0.8486280833333334
PR01656,20240505,P7,L3,8,7.42,0.016667,396,8,4,30,408,202405,0.9275,0.9164603773584906,0.9705882352941176,0.8250165
PR01657,20240506,P7,L3,16,15.752,0.016667,867,20,15,0,902,202405,0.9845,0.954395251396648,0.9611973392461197,0.9031430625000001
PR01658,20240507,P7,L3,12,11.895,0.016667,675,17,13,0,705,202405,0.99125,0.9878297604035311,0.9574468085106383,0.9375187500000002
PR01659,20240508,P7,L3,16,14.676,0.016667,838,29,12,30,880,202405,0.91725,0.9993840283455984,0.9522727272727273,0.8729341250000001
PR01660,20240512,P7,L3,12,11.426,0.016667,600,17,10,30,627,202405,0.9521666666666667,0.9145990722912656,0.9569377990430622,0.8333500000000001
PR01661,20240513,P7,L3,16,14.548,0.016667,764,22,9,60,794,202405,0.90925,0.9096506736321144,0.9622166246851386,0.7958492500000001
PR01662,20240514,P7,L3,12,10.848,0.016667,605,22,11,0,637,202405,0.904,0.9786945980825958,0.9497645211930926,0.8402945833333333
PR01663,20240515,P7,L3,12,10.645,0.016667,594,31,7,45,632,202405,0.8870833333333333,0.9895297322686709,0.939873417721519,0.8250165000000002
PR01664,20240516,P7,L3,12,10.829,0.016667,601,11,10,30,621,202405,0.9024166666666668,0.9557860374919199,0.9677938808373591,0.8347389166666668
PR01665,20240517,P7,L3,12,11.445,0.016667,623,16,11,0,650,202405,0.95375,0.9465749235474007,0.9584615384615385,0.8652950833333334
PR01666,20240520,P7,L3,12,11.533,0.016667,608,20,12,0,640,202405,0.9610833333333333,0.9249007196739791,0.95,0.8444613333333334
PR01667,20240521,P7,L3,12,11.156,0.016667,588,31,7,30,625,202405,0.9296666666666668,0.9337464144854787,0.9408,0.816683
PR01668,20240522,P7,L3,8,6.931,0.016667,405,5,6,30,416,202405,0.866375,1.0,0.9735576923076923,0.8434660456730769
PR01669,20240523,P7,L3,12,10.703,0.016667,613,15,7,45,635,202405,0.8919166666666666,0.9888391105297581,0.9653543307086614,0.8514059166666667
PR01670,20240524,P7,L3,12,11.703,0.016667,624,22,4,0,651,202405,0.97525,0.9271312483978468,0.9585253456221198,0.8666839999999999
PR01671,20240527,P7,L3,12,10.842,0.016667,607,14,7,30,628,202405,0.9035000000000001,0.9654008485519278,0.9665605095541401,0.8430724166666668
PR01672,20240528,P7,L3,12,10.619,0.016667,601,28,3,60,633,202405,0.8849166666666667,0.9935220830586685,0.9494470774091627,0.8347389166666668
PR01673,20240529,P7,L3,12,11.012,0.016667,574,29,4,45,607,202405,0.9176666666666667,0.9187131311296768,0.9456342668863262,0.7972381666666668
PR01674,20240530,P7,L3,8,7.002,0.016667,372,16,7,30,395,202405,0.87525,0.9402263638960298,0.9417721518987342,0.7750155000000001
PR01675,20240531,P7,L3,16,15.478,0.016667,900,14,7,0,920,202405,0.967375,0.9906732135934876,0.9782608695652174,0.9375187500000001
PR01676,20240603,P7,L3,16,15.404,0.016667,878,12,5,30,896,202406,0.96275,0.969464554661127,0.9799107142857143,0.9146016250000001
PR01677,20240604,P7,L3,12,11.723,0.016667,658,18,8,0,684,202406,0.9769166666666668,0.9724667747163694,0.9619883040935673,0.9139071666666667
PR01678,20240605,P7,L3,16,15.952,0.016667,844,34,6,0,884,202406,0.997,0.9236226178535608,0.9547511312217195,0.8791842500000001
PR01679,20240606,P7,L3,16,13.8,0.016667,741,27,8,60,776,202406,0.8625,0.9372168115942029,0.9548969072164949,0.7718904375000001
PR01680,20240607,P7,L3,12,10.826,0.016667,569,20,10,45,600,202406,0.9021666666666667,0.9237206724552005,0.9483333333333334,0.7902935833333334
PR01681,20240608,P7,L3,8,6.96,0.016667,404,8,5,30,416,202406,0.87,0.9961885057471265,0.9711538461538461,0.8416835
PR01682,20240610,P7,L3,12,10.409,0.016667,580,27,3,45,611,202406,0.8674166666666667,0.9783396099529253,0.9492635024549918,0.8055716666666667
PR01683,20240611,P7,L3,8,6.311,0.016667,336,12,2,45,350,202406,0.788875,0.9243305339882745,0.96,0.700014
PR01684,20240612,P7,L3,12,11.181,0.016667,616,25,10,45,652,202406,0.93175,0.9719062695644398,0.9447852760736196,0.8555726666666668
PR01685,20240613,P7,L3,8,7.826,0.016667,425,9,6,0,440,202406,0.97825,0.9370661896243293,0.9659090909090909,0.8854343750000001
PR01686,20240614,P7,L3,12,11.093,0.016667,621,24,4,0,649,202406,0.9244166666666667,0.9751088975029298,0.9568567026194145,0.86251725
PR01687,20240617,P7,L3,12,11.475,0.016667,618,27,7,0,652,202406,0.9562499999999999,0.9470051416122005,0.9478527607361963,0.8583505
PR01688,20240618,P7,L3,8,6.997,0.016667,401,9,5,45,415,202406,0.874625,0.988538659425468,0.9662650602409638,0.8354333749999999
PR01689,20240619,P7,L3,8,7.751,0.016667,433,17,8,0,459,202406,0.968875,0.9869891626886853,0.9433551198257081,0.9021013750000001
PR01690,20240620,P7,L3,8,7.529,0.016667,406,20,3,0,428,202406,0.941125,0.9474665958294596,0.9485981308411215,0.8458502500000001
PR01691,20240621,P7,L3,12,10.907,0.016667,626,8,9,45,644,202406,0.9089166666666667,0.984097185293848,0.9720496894409938,0.8694618333333335
PR01692,20240622,P7,L3,16,14.983,0.016667,829,30,5,30,863,202406,0.9364375,0.959996062203831,0.9606025492468134,0.8635589375000001
PR01693,20240624,P7,L3,12,10.662,0.016667,609,22,12,45,643,202406,0.8885000000000001,1.0,0.9471228615863142,0.8415186625194402
PR01694,20240625,P7,L3,8,7.393,0.016667,413,9,8,0,430,202406,0.924125,0.9694048424185041,0.9604651162790697,0.860433875
PR01695,20240626,P7,L3,12,11.004,0.016667,610,31,9,45,650,202406,0.9169999999999999,0.9845101781170484,0.9384615384615385,0.8472391666666667
PR01696,20240627,P7,L3,8,7.257,0.016667,391,4,4,0,399,202406,0.907125,0.9163749483257545,0.9799498746867168,0.814599625
PR01697,20240630,P7,L3,12,11.461,0.016667,618,20,12,0,649,202406,0.9550833333333334,0.943799232178693,0.9522342064714946,0.8583505
PR01698,20240701,P7,L3,16,15.158,0.016667,813,17,16,45,846,202407,0.947375,0.9302204776355721,0.9609929078014184,0.8468919375000001
PR01699,20240702,P7,L3,12,11.482,0.016667,611,23,4,30,638,202407,0.9568333333333333,0.9261057307089359,0.957680250783699,0.8486280833333334
PR01700,20240704,P7,L3,16,15.049,0.016667,857,20,14,45,890,202407,0.9405625,0.9856887500830621,0.9629213483146067,0.8927261875000001
PR01701,20240705,P7,L3,12,10.758,0.016667,597,29,4,60,630,202407,0.8965,0.9760373675404352,0.9476190476190476,0.82918325
PR01702,20240708,P7,L3,12,10.935,0.016667,594,29,11,60,634,202407,0.91125,0.9663354366712392,0.9369085173501577,0.8250165
PR01703,20240709,P7,L3,8,6.717,0.016667,355,8,4,60,367,202407,0.839625,0.9106429953848446,0.9673024523160763,0.7395981250000001
PR01704,20240710,P7,L3,16,14.988,0.016667,829,13,12,45,854,202407,0.93675,0.9496676007472646,0.9707259953161592,0.8635589375000001
PR01705,20240711,P7,L3,16,14.889,0.016667,837,25,7,30,868,202407,0.9305625,0.971653972731547,0.9642857142857143,0.8718924375000001
PR01706,20240713,P7,L3,8,7.177,0.016667,382,18,6,30,405,202407,0.897125,0.9405231991082625,0.9432098765432099,0.7958492500000001
PR01707,20240714,P7,L3,16,15.537,0.016667,868,42,13,0,922,202407,0.9710625,0.9890567033532857,0.9414316702819957,0.9041847500000001
PR01708,20240715,P7,L3,8,7.272,0.016667,377,20,4,0,401,202407,0.909,0.9190686193619362,0.940149625935162,0.785432375
PR01709,20240716,P7,L3,8,6.897,0.016667,387,4,5,45,396,202407,0.862125,0.9569569377990431,0.9772727272727273,0.8062661250000001
PR01710,20240718,P7,L3,8,5.974,0.016667,330,10,6,0,346,202407,0.74675,0.9653133578841647,0.953757225433526,0.68751375
PR01711,20240721,P7,L3,12,10.953,0.016667,634,12,9,0,655,202407,0.91275,0.9967027298457045,0.9679389312977099,0.8805731666666667
PR01712,20240722,P7,L3,16,14.765,0.016667,780,33,12,45,826,202407,0.9228125,0.9324037927531323,0.9443099273607748,0.8125162499999999
PR01713,20240723,P7,L3,16,14.849,0.016667,826,29,4,60,859,202407,0.9280625,0.9641695063640651,0.9615832363213038,0.8604338750000001
PR01714,20240724,P7,L3,8,7.342,0.016667,417,7,6,30,430,202407,0.91775,0.9761386543176248,0.9697674418604652,0.8687673750000001
PR01715,20240725,P7,L3,8,6.912,0.016667,396,5,4,30,405,202407,0.864,0.9765820312500001,0.9777777777777777,0.8250165
PR01716,20240726,P7,L3,8,7.907,0.016667,444,14,3,0,462,202407,0.988375,0.9738401416466422,0.961038961038961,0.9250185000000001
PR01717,20240727,P7,L3,16,15.191,0.016667,857,18,14,45,889,202407,0.9494375,0.9753777236521625,0.9640044994375703,0.8927261875
PR01718,20240729,P7,L3,16,15.14,0.016667,821,41,14,45,876,202407,0.94625,0.9643521796565391,0.9372146118721462,0.8552254375000001
PR01719,20240730,P7,L3,12,11.817,0.016667,639,16,12,0,667,202407,0.98475,0.9407539138529237,0.9580209895052474,0.88751775
PR01720,20240731,P7,L3,16,15.638,0.016667,858,22,11,0,891,202407,0.977375,0.9496289167412714,0.9629629629629629,0.893767875
PR01721,20240801,P7,L3,8,7.063,0.016667,393,7,4,0,404,202408,0.882875,0.9533439048562934,0.9727722772277227,0.818766375
PR01722,20240802,P7,L3,16,14.907,0.016667,779,33,7,45,819,202408,0.9316875,0.9156955121754881,0.9511599511599511,0.8114745624999999
PR01723,20240805,P7,L3,12,11.28,0.016667,632,30,8,30,670,202408,0.94,0.9899725177304965,0.9432835820895522,0.8777953333333334
PR01724,20240806,P7,L3,16,15.1,0.016667,843,25,6,30,874,202408,0.94375,0.9646992052980133,0.9645308924485125,0.8781425625
PR01725,20240807,P7,L3,12,10.982,0.016667,577,20,9,0,606,202408,0.9151666666666666,0.9197051538881809,0.9521452145214522,0.8014049166666668
PR01726,20240808,P7,L3,8,6.759,0.016667,358,17,2,60,377,202408,0.844875,0.9296432904275781,0.9496021220159151,0.7458482500000001
PR01727,20240811,P7,L3,12,11.418,0.016667,610,30,7,30,647,202408,0.9514999999999999,0.9444341390786479,0.9428129829984544,0.8472391666666667
PR01728,20240812,P7,L3,16,14.375,0.016667,783,26,14,60,823,202408,0.8984375,0.9542219826086956,0.951397326852977,0.8156413125
PR01729,20240813,P7,L3,16,15.633,0.016667,878,11,5,0,894,202408,0.9770625,0.953131068892727,0.9821029082774049,0.914601625
PR01730,20240814,P7,L3,12,11.26,0.016667,604,17,5,0,626,202408,0.9383333333333334,0.9266023090586146,0.9648562300319489,0.8389056666666667
PR01731,20240815,P7,L3,12,10.829,0.016667,613,22,9,0,643,202408,0.9024166666666668,0.9896464124111183,0.9533437013996889,0.8514059166666668
PR01732,20240816,P7,L3,8,6.741,0.016667,369,6,3,45,378,202408,0.842625,0.9345981308411216,0.9761904761904762,0.7687653750000001
PR01733,20240820,P7,L3,8,6.751,0.016667,375,10,6,60,391,202408,0.843875,0.9653083987557399,0.959079283887468,0.781265625
PR01734,20240821,P7,L3,12,11.835,0.016667,679,9,4,0,692,202408,0.9862500000000001,0.9745301225179551,0.9812138728323699,0.9430744166666667
PR01735,20240822,P7,L3,12,10.363,0.016667,556,29,6,60,591,202408,0.8635833333333333,0.9505159702788769,0.9407783417935702,0.7722376666666667
PR01736,20240823,P7,L3,16,15.309,0.016667,826,10,12,0,847,202408,0.9568125,0.9221339734796526,0.9752066115702479,0.8604338750000001
PR01737,20240824,P7,L3,8,7.393,0.016667,419,6,5,30,430,202408,0.924125,0.9694048424185041,0.9744186046511628,0.8729341250000001
PR01738,20240826,P7,L3,12,10.376,0.016667,549,24,5,0,578,202408,0.8646666666666666,0.9284431380107944,0.9498269896193772,0.7625152500000001
PR01739,20240827,P7,L3,12,11.936,0.016667,651,9,10,0,670,202408,0.9946666666666667,0.9355638404825738,0.9716417910447761,0.9041847500000001
PR01740,20240828,P7,L3,16,14.954,0.016667,788,36,5,0,829,202408,0.934625,0.9239630199277785,0.9505428226779252,0.82084975
PR01741,20240829,P7,L3,8,6.883,0.016667,367,12,7,45,386,202408,0.860375,0.934688653203545,0.9507772020725389,0.7645986250000001
PR01742,20240830,P7,L3,8,7.725,0.016667,419,19,5,0,442,202408,0.965625,0.9536328802588998,0.9479638009049773,0.872934125
PR01743,20240831,P7,L3,12,11.79,0.016667,633,15,11,0,659,202408,0.9824999999999999,0.9315990670059373,0.960546282245827,0.87918425
PR01744,20240902,P7,L3,8,6.786,0.016667,377,16,4,30,397,202409,0.84825,0.9750661656351313,0.9496221662468514,0.7854323750000001
PR01745,20240903,P7,L3,16,15.346,0.016667,886,12,14,30,913,202409,0.959125,0.9915920109474782,0.9704271631982475,0.9229351250000001
PR01746,20240904,P7,L3,12,11.644,0.016667,642,32,9,0,684,202409,0.9703333333333334,0.9790645826176572,0.9385964912280702,0.8916845000000001
PR01747,20240905,P7,L3,16,13.946,0.016667,779,38,6,30,823,202409,0.871625,0.9835752904058512,0.9465370595382746,0.8114745625
PR01748,20240906,P7,L3,12,10.979,0.016667,586,13,10,30,610,202409,0.9149166666666666,0.9260287822206031,0.9606557377049181,0.8139051666666668
PR01749,20240909,P7,L3,16,14.709,0.016667,846,24,10,0,880,202409,0.9193125,0.997141885920185,0.9613636363636363,0.881267625
PR01750,20240910,P7,L3,12,11.295,0.016667,648,17,12,30,676,202409,0.94125,0.9975114652501107,0.9585798816568047,0.900018
PR01751,20240912,P7,L3,16,14.671,0.016667,824,33,7,45,864,202409,0.9169375,0.981547815418172,0.9537037037037037,0.8583505000000001
PR01752,20240913,P7,L3,12,10.56,0.016667,570,11,10,30,590,202409,0.88,0.9312054924242426,0.9661016949152542,0.7916825000000001
PR01753,20240916,P7,L3,16,15.834,0.016667,869,30,16,0,915,202409,0.989625,0.9631366047745359,0.9497267759562842,0.9052264375000001
PR01754,20240918,P7,L3,12,10.333,0.016667,568,19,10,45,597,202409,0.8610833333333333,0.9629535468886095,0.9514237855946399,0.7889046666666668
PR01755,20240919,P7,L3,16,15.021,0.016667,794,41,10,0,845,202409,0.9388125,0.9375950336195993,0.9396449704142011,0.827099875
PR01756,20240920,P7,L3,12,10.908,0.016667,575,17,3,45,595,202409,0.9089999999999999,0.9091368720205355,0.9663865546218487,0.7986270833333333
PR01757,20240921,P7,L3,12,10.743,0.016667,600,22,4,30,625,202409,0.89525,0.9696430233640511,0.96,0.83335
PR01758,20240923,P7,L3,12,10.762,0.016667,566,24,4,45,594,202409,0.8968333333333334,0.9199217617543208,0.9528619528619529,0.7861268333333334
PR01759,20240924,P7,L3,12,10.866,0.016667,590,30,9,45,630,202409,0.9055,0.9663362782992823,0.9365079365079365,0.8194608333333333
PR01760,20240925,P7,L3,16,14.4,0.016667,826,9,9,0,845,202409,0.9,0.9780288194444445,0.9775147928994082,0.860433875
PR01761,20240926,P7,L3,12,9.942,0.016667,534,14,11,45,559,202409,0.8285,0.9371205994769664,0.9552772808586762,0.7416815
PR01762,20240927,P7,L3,8,6.712,0.016667,368,10,3,60,382,202409,0.839,0.9485688319427892,0.9633507853403142,0.7666820000000001
PR01763,20240930,P7,L3,12,11.708,0.016667,626,17,11,0,654,202409,0.9756666666666667,0.9310059788179024,0.9571865443425076,0.8694618333333334
PR01764,20241002,P7,L3,12,11.73,0.016667,623,26,7,0,656,202410,0.9775,0.9321016197783462,0.9496951219512195,0.8652950833333335
PR01765,20241003,P7,L3,16,15.191,0.016667,789,40,15,0,844,202410,0.9494375,0.9260053979329868,0.9348341232227488,0.8218914375000002
PR01766,20241004,P7,L3,16,14.435,0.016667,769,27,13,45,809,202410,0.9021875,0.934090959473502,0.9505562422744128,0.8010576875
PR01767,20241007,P7,L3,8,7.255,0.016667,392,7,6,30,405,202410,0.906875,0.9304114403859408,0.9679012345679012,0.816683
PR01768,20241009,P7,L3,12,10.95,0.016667,567,27,5,45,600,202410,0.9125,0.9132602739726029,0.945,0.7875157500000001
PR01769,20241011,P7,L3,8,6.442,0.016667,351,18,4,45,373,202410,0.80525,0.9650405153678983,0.9410187667560321,0.731264625
PR01770,20241013,P7,L3,8,6.911,0.016667,372,13,6,0,391,202410,0.863875,0.9429600636666186,0.9514066496163683,0.7750155000000001
PR01771,20241014,P7,L3,8,7.628,0.016667,412,15,7,0,434,202410,0.9535,0.9482797587834295,0.9493087557603687,0.8583505000000001
PR01772,20241015,P7,L3,12,11.698,0.016667,652,27,6,0,685,202410,0.9748333333333333,0.9759698239015216,0.9518248175182482,0.9055736666666667
PR01773,20241016,P7,L3,12,11.062,0.016667,637,6,8,30,652,202410,0.9218333333333333,0.9823615982643285,0.9769938650306749,0.8847399166666667
PR01774,20241017,P7,L3,12,10.812,0.016667,589,14,10,30,612,202410,0.9009999999999999,0.9434150943396228,0.9624183006535948,0.8180719166666667
PR01775,20241018,P7,L3,16,15.641,0.016667,877,10,16,0,904,202410,0.9775625,0.9632995332779235,0.9701327433628318,0.9135599375000001
PR01776,20241021,P7,L3,8,7.946,0.016667,449,21,9,0,479,202410,0.99325,1.0,0.9373695198329853,0.9310422755741127
PR01777,20241022,P7,L3,8,6.551,0.016667,343,16,3,45,362,202410,0.818875,0.9209974049763396,0.9475138121546961,0.714597625
PR01778,20241023,P7,L3,8,7.939,0.016667,426,10,8,0,444,202410,0.992375,0.9321259604484192,0.9594594594594594,0.88751775
PR01779,20241024,P7,L3,8,7.715,0.016667,417,5,3,0,424,202410,0.964375,0.9159828904731044,0.9834905660377359,0.8687673750000001
PR01780,20241025,P7,L3,16,14.704,0.016667,849,15,14,30,878,202410,0.919,0.9952139553862895,0.9669703872437357,0.8843926875000001
PR01781,20241026,P7,L3,16,14.444,0.016667,783,13,15,45,811,202410,0.90275,0.9358167405150928,0.9654747225647349,0.8156413125
PR01782,20241028,P7,L3,12,11.13,0.016667,603,29,5,45,636,202410,0.9275000000000001,0.9524,0.9481132075471698,0.83751675
PR01783,20241030,P7,L3,8,7.677,0.016667,439,9,4,0,452,202410,0.959625,0.9813057183795755,0.9712389380530974,0.9146016250000001
PR01784,20241031,P7,L3,12,11.781,0.016667,644,30,7,0,681,202410,0.98175,0.9634349376114082,0.9456681350954479,0.8944623333333334
PR01785,20241101,P7,L3,12,11.761,0.016667,655,9,10,0,674,202411,0.9800833333333333,0.9551533032905366,0.9718100890207715,0.9097404166666667
PR01786,20241105,P7,L3,12,11.188,0.016667,593,27,9,30,629,202411,0.9323333333333333,0.9370345906328209,0.9427662957074722,0.8236275833333334
PR01787,20241107,P7,L3,8,7.605,0.016667,433,15,4,0,451,202411,0.950625,0.9884046022353715,0.9600886917960089,0.9021013750000001
PR01788,20241108,P7,L3,12,10.701,0.016667,586,16,7,60,609,202411,0.89175,0.9485284552845529,0.9622331691297209,0.8139051666666667
PR01789,20241111,P7,L3,16,15.407,0.016667,814,19,12,30,845,202411,0.9629375,0.9141049522944118,0.9633136094674556,0.847933625
PR01790,20241112,P7,L3,16,13.662,0.016667,752,36,13,60,801,202411,0.853875,0.9771824769433465,0.9388264669163545,0.783349
PR01791,20241113,P7,L3,8,7.433,0.016667,429,10,7,0,446,202411,0.929125,1.0,0.9618834080717489,0.8937099215246637
PR01792,20241114,P7,L3,16,14.425,0.016667,783,17,14,60,815,202411,0.9015625,0.9416710571923743,0.9607361963190184,0.8156413125
PR01793,20241115,P7,L3,8,7.79,0.016667,440,7,5,0,452,202411,0.97375,0.9670711168164314,0.9734513274336283,0.916685
PR01794,20241117,P7,L3,8,7.512,0.016667,435,9,4,0,449,202411,0.939,0.9962038072417466,0.9688195991091314,0.9062681250000001
PR01795,20241118,P7,L3,8,6.845,0.016667,372,6,4,60,382,202411,0.855625,0.9301379108838569,0.9738219895287958,0.7750155000000001
PR01796,20241119,P7,L3,16,15.111,0.016667,823,13,9,45,845,202411,0.9444375,0.9320107868440209,0.9739644970414201,0.8573088125
PR01797,20241120,P7,L3,12,11.574,0.016667,652,7,8,0,667,202411,0.9645,0.9605053568342838,0.9775112443778111,0.9055736666666668
PR01798,20241121,P7,L3,16,15.053,0.016667,845,32,16,45,893,202411,0.9408125,0.9887484886733542,0.9462486002239642,0.8802259375000001
PR01799,20241122,P7,L3,8,7.05,0.016667,403,14,4,30,421,202411,0.88125,0.9952917730496456,0.9572446555819477,0.839600125
PR01800,20241123,P7,L3,8,7.206,0.016667,389,19,3,30,411,202411,0.90075,0.9506157368859284,0.9464720194647201,0.8104328749999999
PR01801,20241125,P7,L3,16,14.813,0.016667,842,21,9,60,871,202411,0.9258125,0.9800146492945386,0.9667049368541906,0.8771008750000001
PR01802,20241126,P7,L3,12,11.217,0.016667,647,8,12,0,667,202411,0.9347500000000001,0.9910750646340376,0.9700149925037481,0.8986290833333334
PR01803,20241128,P7,L3,8,7.113,0.016667,405,13,5,45,424,202411,0.889125,0.9935059749753973,0.9551886792452831,0.8437668750000001
PR01804,20241129,P7,L3,16,14.573,0.016667,777,27,5,0,809,202411,0.9108125,0.9252455225416867,0.9604449938195303,0.8093911875
PR01805,20241202,P7,L3,12,11.465,0.016667,657,18,6,0,681,202412,0.9554166666666667,0.9899892716964676,0.9647577092511013,0.91251825
PR01806,20241203,P7,L3,16,15.628,0.016667,851,43,10,0,904,202412,0.97675,0.9641008446378296,0.9413716814159292,0.8864760625000001
PR01807,20241204,P7,L3,8,6.686,0.016667,357,8,2,45,367,202412,0.83575,0.9148652408016753,0.9727520435967303,0.7437648750000001
PR01808,20241205,P7,L3,16,14.354,0.016667,804,16,13,30,832,202412,0.897125,0.9660682736519438,0.9663461538461539,0.83751675
PR01809,20241209,P7,L3,12,11.007,0.016667,611,13,12,45,636,202412,0.91725,0.9630427909512129,0.960691823899371,0.8486280833333334
PR01810,20241210,P7,L3,8,7.222,0.016667,406,5,6,0,416,202412,0.90275,0.9600487399612295,0.9759615384615384,0.84585025
PR01811,20241211,P7,L3,12,11.076,0.016667,634,12,8,30,655,202412,0.923,0.9856342542434092,0.9679389312977099,0.8805731666666667
PR01812,20241212,P7,L3,16,15.821,0.016667,873,33,13,0,919,202412,0.9888125,0.9681419000063208,0.9499455930359086,0.9093931875000001
PR01813,20241213,P7,L3,16,14.854,0.016667,770,37,11,60,818,202412,0.928375,0.9178407163053723,0.941320293398533,0.802099375
PR01814,20241214,P7,L3,16,14.971,0.016667,792,16,15,0,824,202412,0.9356875,0.9173474049829671,0.9611650485436893,0.8250165
PR01815,20241216,P7,L3,12,11.44,0.016667,635,19,4,0,658,202412,0.9533333333333333,0.9586438811188812,0.9650455927051672,0.8819620833333334
PR01816,20241217,P7,L3,12,11.245,0.016667,600,13,4,30,618,202412,0.9370833333333333,0.9159809693196979,0.970873786407767,0.8333500000000001
PR01817,20241218,P7,L3,12,11.094,0.016667,630,7,3,30,641,202412,0.9245,0.9630022534703444,0.982839313572543,0.8750175000000001
PR01818,20241219,P7,L3,12,11.456,0.016667,654,7,9,0,670,202412,0.9546666666666667,0.9747634427374302,0.9761194029850746,0.9083515
PR01819,20241220,P7,L3,8,7.026,0.016667,375,10,5,30,390,202412,0.87825,0.9251537147736978,0.9615384615384616,0.7812656250000001
PR01820,20241223,P7,L3,16,15.089,0.016667,864,23,8,0,896,202412,0.9430625,0.9897032275167341,0.9642857142857143,0.9000180000000001
PR01821,20241224,P7,L3,8,6.724,0.016667,381,9,6,30,395,202412,0.8405,0.979099494348602,0.9645569620253165,0.7937658750000001
PR01822,20241225,P7,L3,8,6.545,0.016667,371,7,4,60,383,202412,0.818125,0.9753187165775402,0.9686684073107049,0.772932125
PR01823,20241226,P7,L3,8,7.741,0.016667,446,7,6,0,459,202412,0.967625,0.9882641777548121,0.971677559912854,0.92918525
PR01824,20241227,P7,L3,12,10.955,0.016667,628,15,3,45,646,202412,0.9129166666666667,0.9828281150159744,0.9721362229102167,0.8722396666666667
PR01825,20241230,P7,L3,12,11.164,0.016667,634,23,5,30,662,202412,0.9303333333333333,0.9883154783231818,0.9577039274924471,0.8805731666666669
PR01826,20241231,P7,L3,12,11.865,0.016667,685,9,10,0,703,202412,0.98875,0.987517994100295,0.9743954480796586,0.9514079166666667
PR01827,20240101,P8,L2,8,7.398,0.018182,378,15,6,0,399,202401,0.92475,0.9806188158961882,0.9473684210526315,0.8590994999999999
PR01828,20240102,P8,L2,8,7.379,0.018182,391,9,3,0,403,202401,0.922375,0.992999864480282,0.9702233250620348,0.88864525
PR01829,20240103,P8,L2,8,6.7,0.018182,346,15,7,45,368,202401,0.8375,0.9986531343283582,0.9402173913043478,0.7863715
PR01830,20240105,P8,L2,8,7.693,0.018182,398,15,3,0,415,202401,0.961625,0.9808306252437281,0.9590361445783132,0.9045545
PR01831,20240107,P8,L2,8,6.551,0.018182,336,12,3,30,351,202401,0.818875,0.9741843993283468,0.9572649572649573,0.763644
PR01832,20240109,P8,L2,12,11.845,0.018182,611,26,12,0,648,202401,0.9870833333333334,0.9946758970029548,0.9429012345679012,0.9257668333333333
PR01833,20240110,P8,L2,12,10.49,0.018182,524,17,4,60,545,202401,0.8741666666666666,0.9446320305052431,0.9614678899082569,0.7939473333333333
PR01834,20240111,P8,L2,16,14.79,0.018182,719,22,10,60,750,202401,0.924375,0.9220081135902637,0.9586666666666667,0.817053625
PR01835,20240112,P8,L2,16,15.08,0.018182,756,30,10,0,796,202401,0.9425,0.9597395225464191,0.949748743718593,0.8590995
PR01836,20240115,P8,L2,12,11.533,0.018182,579,7,9,0,596,202401,0.9610833333333333,0.9396056533425823,0.9714765100671141,0.8772815
PR01837,20240116,P8,L2,8,6.657,0.018182,335,7,2,30,344,202401,0.832125,0.9395535526513444,0.9738372093023255,0.7613712499999999
PR01838,20240117,P8,L2,12,11.387,0.018182,593,9,7,0,609,202401,0.9489166666666667,0.9724104680776324,0.9737274220032841,0.8984938333333334
PR01839,20240118,P8,L2,8,6.579,0.018182,315,11,4,0,330,202401,0.822375,0.9120018239854082,0.9545454545454546,0.71591625
PR01840,20240119,P8,L2,12,11.526,0.018182,573,25,9,0,607,202401,0.9605,0.9575285441610273,0.943986820428336,0.8681905
PR01841,20240120,P8,L2,8,7.525,0.018182,395,4,7,0,407,202401,0.940625,0.98339853820598,0.9705159705159705,0.89773625
PR01842,20240121,P8,L2,12,10.327,0.018182,547,6,3,45,557,202401,0.8605833333333334,0.9806695071172654,0.9820466786355476,0.8287961666666667
PR01843,20240122,P8,L2,12,9.857,0.018182,472,20,6,60,498,202401,0.8214166666666666,0.9185995739068683,0.9477911646586346,0.7151586666666667
PR01844,20240123,P8,L2,8,7.306,0.018182,367,13,4,0,384,202401,0.91325,0.955637558171366,0.9557291666666666,0.83409925
PR01845,20240124,P8,L2,12,11.601,0.018182,606,15,12,0,632,202401,0.9667500000000001,0.9905201275752089,0.9588607594936709,0.918191
PR01846,20240125,P8,L2,8,5.767,0.018182,301,12,4,60,316,202401,0.720875,0.9962739726027396,0.9525316455696202,0.68409775
PR01847,20240126,P8,L2,12,11.886,0.018182,596,11,12,0,619,202401,0.9904999999999999,0.9468835604913345,0.962843295638126,0.9030393333333334
PR01848,20240127,P8,L2,8,6.871,0.018182,356,15,2,60,373,202401,0.858875,0.9870304176975695,0.9544235924932976,0.809099
PR01849,20240128,P8,L2,12,10.559,0.018182,549,8,7,60,564,202401,0.8799166666666666,0.9711760583388579,0.973404255319149,0.8318264999999999
PR01850,20240130,P8,L2,16,14.977,0.018182,752,38,11,0,802,202401,0.9360625,0.9736238231955666,0.9376558603491272,0.854554
PR01851,20240131,P8,L2,16,15.669,0.018182,791,17,14,0,822,202401,0.9793125,0.9538326632203714,0.962287104622871,0.898872625
PR01852,20240201,P8,L2,12,10.43,0.018182,509,12,7,60,529,202402,0.8691666666666666,0.9221743048897412,0.9621928166351607,0.7712198333333333
PR01853,20240202,P8,L2,12,11.682,0.018182,582,7,7,0,596,202402,0.9735,0.9276212977229926,0.9765100671140939,0.8818269999999999
PR01854,20240205,P8,L2,16,15.284,0.018182,750,19,9,30,778,202402,0.95525,0.9255166186862077,0.9640102827763496,0.85228125
PR01855,20240206,P8,L2,12,10.506,0.018182,501,22,4,60,527,202402,0.8755000000000001,0.9120420711974109,0.9506641366223909,0.7590985
PR01856,20240207,P8,L2,16,15.592,0.018182,791,29,14,0,834,202402,0.9745,0.9725364289379169,0.9484412470023981,0.898872625
PR01857,20240208,P8,L2,12,11.12,0.018182,570,8,11,30,589,202402,0.9266666666666666,0.9630573741007196,0.967741935483871,0.8636450000000001
PR01858,20240209,P8,L2,8,6.974,0.018182,341,9,5,45,355,202402,0.87175,0.92552480642386,0.9605633802816902,0.77500775
PR01859,20240211,P8,L2,8,7.629,0.018182,393,13,3,0,410,202402,0.953625,0.9771424826320619,0.9585365853658536,0.89319075
PR01860,20240212,P8,L2,8,6.605,0.018182,341,7,2,45,351,202402,0.825625,0.9662198334595004,0.9715099715099715,0.77500775
PR01861,20240213,P8,L2,12,10.289,0.018182,515,6,7,30,529,202402,0.8574166666666666,0.934811740693945,0.9735349716446124,0.7803108333333333
PR01862,20240214,P8,L2,12,11.32,0.018182,578,17,11,30,606,202402,0.9433333333333334,0.9733473498233216,0.9537953795379538,0.8757663333333334
PR01863,20240216,P8,L2,8,7.141,0.018182,357,6,6,0,368,202402,0.892625,0.9369802548662652,0.970108695652174,0.8113717500000001
PR01864,20240219,P8,L2,8,7.27,0.018182,365,12,7,30,384,202402,0.90875,0.9603697386519945,0.9505208333333334,0.82955375
PR01865,20240220,P8,L2,16,15.77,0.018182,788,11,5,0,804,202402,0.985625,0.926970703868104,0.9800995024875622,0.8954635
PR01866,20240221,P8,L2,16,14.235,0.018182,709,20,11,45,741,202402,0.8896875,0.9464602739726028,0.9568151147098516,0.8056898750000001
PR01867,20240222,P8,L2,12,10.755,0.018182,542,28,4,45,574,202402,0.8962500000000001,0.9703828916782891,0.9442508710801394,0.8212203333333334
PR01868,20240223,P8,L2,16,14.691,0.018182,746,39,11,60,796,202402,0.9181875,0.9851522700973385,0.9371859296482412,0.84773575
PR01869,20240225,P8,L2,8,6.233,0.018182,309,7,4,60,320,202402,0.779125,0.9334574041392589,0.965625,0.70227975
PR01870,20240227,P8,L2,12,10.465,0.018182,535,16,5,45,556,202402,0.8720833333333333,0.9660001911132347,0.9622302158273381,0.8106141666666667
PR01871,20240228,P8,L2,16,14.219,0.018182,734,20,14,60,768,202402,0.8886875,0.9820504958154582,0.9557291666666666,0.83409925
PR01872,20240229,P8,L2,16,14.952,0.018182,729,26,8,30,762,202402,0.9345,0.9266107544141252,0.9566929133858267,0.828417375
PR01873,20240301,P8,L2,16,15.434,0.018182,757,9,9,0,775,202403,0.964625,0.9129875599326164,0.9767741935483871,0.8602358750000001
PR01874,20240304,P8,L2,12,11.657,0.018182,570,11,9,0,589,202403,0.9714166666666667,0.9186924594664151,0.967741935483871,0.8636450000000001
PR01875,20240305,P8,L2,16,15.542,0.018182,742,28,7,0,777,202403,0.971375,0.9089830137691417,0.954954954954955,0.84319025
PR01876,20240306,P8,L2,16,14.684,0.018182,730,19,5,60,754,202403,0.91775,0.9336167256878235,0.9681697612732095,0.82955375
PR01877,20240307,P8,L2,16,15.93,0.018182,789,28,7,0,824,202403,0.995625,0.940487633396108,0.9575242718446602,0.8965998749999999
PR01878,20240308,P8,L2,12,10.271,0.018182,513,22,10,45,545,202403,0.8559166666666668,0.9647736345049167,0.9412844036697248,0.7772805
PR01879,20240311,P8,L2,16,15.706,0.018182,842,10,7,0,858,202403,0.981625,0.9932609193938623,0.9813519813519813,0.95682775
PR01880,20240312,P8,L2,16,15.615,0.018182,799,9,14,0,822,202403,0.9759375,0.9571312199807877,0.9720194647201946,0.9079636249999999
PR01881,20240313,P8,L2,8,6.438,0.018182,320,6,6,60,332,202403,0.80475,0.9376241068654863,0.963855421686747,0.72728
PR01882,20240314,P8,L2,12,11.011,0.018182,549,8,4,45,561,202403,0.9175833333333333,0.9263556443556443,0.9786096256684492,0.8318264999999999
PR01883,20240315,P8,L2,8,7.388,0.018182,373,11,6,0,390,202403,0.9235,0.9597969680563075,0.9564102564102565,0.84773575
PR01884,20240317,P8,L2,16,14.946,0.018182,740,10,5,30,755,202403,0.934125,0.91846714840091,0.9801324503311258,0.8409175000000001
PR01885,20240318,P8,L2,16,14.887,0.018182,723,20,4,45,747,202403,0.9304375,0.9123365352320816,0.9678714859437751,0.821599125
PR01886,20240319,P8,L2,16,15.425,0.018182,796,39,13,0,848,202403,0.9640625,0.9995679740680713,0.9386792452830188,0.9045544999999999
PR01887,20240320,P8,L2,8,6.92,0.018182,352,18,3,30,373,202403,0.865,0.9800413294797689,0.9436997319034852,0.8000079999999999
PR01888,20240321,P8,L2,8,7.441,0.018182,377,13,3,30,393,202403,0.930125,0.9602910899072706,0.9592875318066157,0.85682675
PR01889,20240322,P8,L2,8,7.822,0.018182,402,14,5,0,421,202403,0.97775,0.9786016364101252,0.9548693586698337,0.9136454999999999
PR01890,20240323,P8,L2,12,11.083,0.018182,554,6,9,30,569,202403,0.9235833333333333,0.9334618785527384,0.9736379613356766,0.8394023333333334
PR01891,20240325,P8,L2,12,11.561,0.018182,584,18,10,0,612,202403,0.9634166666666667,0.9624932099299368,0.954248366013072,0.8848573333333333
PR01892,20240326,P8,L2,12,11.248,0.018182,598,9,11,0,618,202403,0.9373333333333332,0.9989754623044097,0.9676375404530745,0.9060696666666667
PR01893,20240327,P8,L2,12,9.942,0.018182,509,7,10,45,526,202403,0.8285,0.9619525246429289,0.967680608365019,0.7712198333333332
PR01894,20240328,P8,L2,16,15.867,0.018182,786,25,5,0,817,202403,0.9916875,0.93620054200542,0.9620563035495716,0.89319075
PR01895,20240329,P8,L2,16,14.844,0.018182,727,13,5,30,745,202403,0.92775,0.9125296416060362,0.9758389261744966,0.8261446250000001
PR01896,20240401,P8,L2,16,14.12,0.018182,668,34,6,60,708,202404,0.8825,0.9116753541076488,0.943502824858757,0.7590985
PR01897,20240402,P8,L2,8,6.34,0.018182,340,4,5,60,350,202404,0.7925,1.0,0.9714285714285714,0.7698571428571428
PR01898,20240403,P8,L2,8,6.768,0.018182,320,17,5,45,342,202404,0.846,0.9187712765957448,0.935672514619883,0.72728
PR01899,20240404,P8,L2,12,10.068,0.018182,518,6,6,30,530,202404,0.839,0.9571374652363925,0.9773584905660377,0.7848563333333333
PR01900,20240405,P8,L2,8,7.003,0.018182,355,6,7,30,368,202404,0.875375,0.9554442381836356,0.9646739130434783,0.80682625
PR01901,20240408,P8,L2,16,14.014,0.018182,723,23,9,60,755,202404,0.875875,0.9795497359783075,0.9576158940397351,0.8215991250000001
PR01902,20240409,P8,L2,16,14.256,0.018182,763,10,15,60,789,202404,0.891,1.0,0.9670468948035488,0.861638783269962
PR01903,20240410,P8,L2,12,11.036,0.018182,572,10,8,45,590,202404,0.9196666666666666,0.972035157665821,0.9694915254237289,0.8666753333333334
PR01904,20240411,P8,L2,12,11.764,0.018182,576,12,8,0,596,202404,0.9803333333333333,0.9211553893233595,0.9664429530201343,0.8727360000000002
PR01905,20240412,P8,L2,16,15.159,0.018182,793,25,5,0,822,202404,0.9474375,0.9859228181278448,0.9647201946472019,0.9011453749999999
PR01906,20240415,P8,L2,8,6.259,0.018182,319,17,3,30,339,202404,0.782375,0.9847736060073494,0.9410029498525073,0.72500725
PR01907,20240417,P8,L2,8,7.102,0.018182,369,9,5,30,383,202404,0.88775,0.9805274570543508,0.9634464751958225,0.83864475
PR01908,20240418,P8,L2,8,7.341,0.018182,371,4,4,30,379,202404,0.917625,0.938697452663125,0.978891820580475,0.8431902500000001
PR01909,20240419,P8,L2,12,11.223,0.018182,583,22,9,30,614,202404,0.93525,0.9947204847188807,0.9495114006514658,0.8833421666666667
PR01910,20240420,P8,L2,12,10.68,0.018182,522,24,3,60,549,202404,0.89,0.9346365168539327,0.9508196721311475,0.7909170000000001
PR01911,20240422,P8,L2,8,7.467,0.018182,382,19,5,30,405,202404,0.933375,0.9861671353957413,0.9432098765432099,0.8681905
PR01912,20240423,P8,L2,8,7.186,0.018182,363,12,7,30,382,202404,0.89825,0.9665354856665739,0.9502617801047121,0.82500825
PR01913,20240424,P8,L2,16,15.743,0.018182,782,21,13,0,816,202404,0.9839375,0.942419615067014,0.9583333333333334,0.88864525
PR01914,20240425,P8,L2,8,6.565,0.018182,330,12,4,60,346,202404,0.820625,0.9582592536176694,0.953757225433526,0.7500075
PR01915,20240426,P8,L2,12,10.81,0.018182,551,17,9,45,576,202404,0.9008333333333334,0.9688096207215541,0.9565972222222222,0.8348568333333333
PR01916,20240429,P8,L2,8,7.667,0.018182,392,19,3,0,414,202404,0.958375,0.9817853136820138,0.9468599033816425,0.890918
PR01917,20240430,P8,L2,12,11.758,0.018182,572,28,5,0,604,202404,0.9798333333333332,0.9339962578669843,0.9470198675496688,0.8666753333333332
PR01918,20240501,P8,L2,8,7.664,0.018182,376,8,6,0,390,202405,0.958,0.9252322546972861,0.9641025641025641,0.854554
PR01919,20240502,P8,L2,8,6.943,0.018182,354,17,6,45,377,202405,0.867875,0.9872697681117673,0.9389920424403183,0.8045535
PR01920,20240503,P8,L2,8,7.394,0.018182,362,15,6,0,383,202405,0.92425,0.9418049770083852,0.9451697127937336,0.8227355
PR01921,20240504,P8,L2,8,7.573,0.018182,398,13,7,0,417,202405,0.946625,1.0,0.9544364508393285,0.9034934052757794
PR01922,20240505,P8,L2,16,14.509,0.018182,745,14,15,45,773,202405,0.9068125,0.9686874353849335,0.963777490297542,0.8465993749999999
PR01923,20240506,P8,L2,12,11.009,0.018182,563,7,7,0,578,202405,0.9174166666666667,0.9546004178399491,0.9740484429065744,0.8530388333333333
PR01924,20240507,P8,L2,8,6.822,0.018182,364,7,6,45,377,202405,0.85275,1.0,0.9655172413793104,0.823344827586207
PR01925,20240508,P8,L2,8,5.599,0.018182,280,5,4,45,289,202405,0.699875,0.9384886586890515,0.9688581314878892,0.63637
PR01926,20240510,P8,L2,8,7.725,0.018182,392,14,5,0,411,202405,0.965625,0.9673530097087378,0.9537712895377128,0.8909179999999999
PR01927,20240513,P8,L2,8,6.538,0.018182,334,6,2,30,342,202405,0.81725,0.9510926888956868,0.9766081871345029,0.7590985
PR01928,20240516,P8,L2,8,7.147,0.018182,350,9,6,0,366,202405,0.893375,0.9311056387295369,0.9562841530054644,0.7954625
PR01929,20240517,P8,L2,8,7.974,0.018182,410,20,5,0,435,202405,0.99675,0.9918698269375471,0.9425287356321839,0.9318275
PR01930,20240520,P8,L2,12,10.049,0.018182,522,24,3,45,549,202405,0.8374166666666666,0.9933245099014828,0.9508196721311475,0.790917
PR01931,20240521,P8,L2,12,10.807,0.018182,547,7,7,45,561,202405,0.9005833333333334,0.9438421393541222,0.9750445632798574,0.8287961666666667
PR01932,20240522,P8,L2,12,10.706,0.018182,514,19,8,60,541,202405,0.8921666666666667,0.9187803101064824,0.9500924214417745,0.7787956666666668
PR01933,20240523,P8,L2,8,7.396,0.018182,359,10,2,0,371,202405,0.9245,0.9120500270416442,0.967654986522911,0.81591725
PR01934,20240524,P8,L2,16,14.632,0.018182,698,28,14,60,740,202405,0.9145,0.9195379989065063,0.9432432432432433,0.79318975
PR01935,20240525,P8,L2,16,15.915,0.018182,808,21,8,0,836,202405,0.9946875,0.9550833804586869,0.9665071770334929,0.9181910000000001
PR01936,20240527,P8,L2,16,15.827,0.018182,765,28,5,0,797,202405,0.9891875,0.9155906994376698,0.9598494353826851,0.869326875
PR01937,20240528,P8,L2,8,7.693,0.018182,388,6,6,0,400,202405,0.961625,0.9453789158975693,0.97,0.881827
PR01938,20240529,P8,L2,16,15.107,0.018182,776,31,9,30,815,202405,0.9441875,0.9808916396372542,0.9521472392638037,0.881827
PR01939,20240530,P8,L2,12,11.562,0.018182,595,9,3,0,606,202405,0.9634999999999999,0.9529745718733784,0.9818481848184818,0.9015241666666666
PR01940,20240603,P8,L2,12,10.689,0.018182,523,14,6,45,543,202406,0.89075,0.923643558798765,0.9631675874769797,0.7924321666666666
PR01941,20240604,P8,L2,12,11.728,0.018182,608,13,11,0,632,202406,0.9773333333333333,0.979793997271487,0.9620253164556962,0.9212213333333332
PR01942,20240605,P8,L2,8,7.008,0.018182,335,15,4,30,354,202406,0.876,0.9184400684931507,0.9463276836158192,0.76137125
PR01943,20240606,P8,L2,12,10.846,0.018182,533,17,8,60,558,202406,0.9038333333333334,0.9354191406970312,0.9551971326164874,0.8075838333333334
PR01944,20240608,P8,L2,12,10.479,0.018182,512,13,7,60,531,202406,0.87325,0.921332379043802,0.9642184557438794,0.7757653333333334
PR01945,20240609,P8,L2,12,11.626,0.018182,596,15,9,0,619,202406,0.9688333333333333,0.9680593497333564,0.962843295638126,0.9030393333333334
PR01946,20240610,P8,L2,16,14.74,0.018182,770,13,13,30,796,202406,0.92125,0.981877340569878,0.9673366834170855,0.8750087500000001
PR01947,20240611,P8,L2,8,7.986,0.018182,386,17,7,0,410,202406,0.99825,0.9334610568494867,0.9414634146341463,0.8772814999999999
PR01948,20240612,P8,L2,8,7.905,0.018182,398,10,5,0,413,202406,0.988125,0.9499261227071474,0.9636803874092009,0.9045545
PR01949,20240613,P8,L2,12,11.207,0.018182,577,8,4,30,589,202406,0.9339166666666667,0.9555811546354956,0.9796264855687606,0.8742511666666668
PR01950,20240614,P8,L2,8,7.593,0.018182,390,10,3,0,403,202406,0.949125,0.9650133017252733,0.967741935483871,0.8863725000000001
PR01951,20240615,P8,L2,16,14.404,0.018182,698,23,10,45,731,202406,0.90025,0.9227327131352403,0.9548563611491108,0.79318975
PR01952,20240617,P8,L2,16,14.918,0.018182,768,31,11,45,810,202406,0.932375,0.9872248290655584,0.9481481481481482,0.8727360000000001
PR01953,20240618,P8,L2,12,11.775,0.018182,615,23,8,0,646,202406,0.9812500000000001,0.9975008067940553,0.9520123839009288,0.9318275000000001
PR01954,20240619,P8,L2,12,10.609,0.018182,540,11,7,30,558,202406,0.8840833333333333,0.9563159581487417,0.967741935483871,0.8181900000000001
PR01955,20240620,P8,L2,16,15.509,0.018182,734,36,15,0,785,202406,0.9693125,0.92029595718615,0.935031847133758,0.8340992500000001
PR01956,20240621,P8,L2,12,10.379,0.018182,534,28,4,60,566,202406,0.8649166666666667,0.9915224973504192,0.9434628975265018,0.8090990000000001
PR01957,20240623,P8,L2,12,10.957,0.018182,583,6,4,30,593,202406,0.9130833333333334,0.9840217212740713,0.9831365935919055,0.8833421666666667
PR01958,20240624,P8,L2,12,11.165,0.018182,546,20,7,45,573,202406,0.9304166666666666,0.9331201074787282,0.9528795811518325,0.8272809999999999
PR01959,20240625,P8,L2,12,11.18,0.018182,562,16,7,30,585,202406,0.9316666666666666,0.9513837209302327,0.9606837606837607,0.8515236666666668
PR01960,20240626,P8,L2,12,11.904,0.018182,620,22,4,0,646,202406,0.992,0.9866911962365592,0.9597523219814241,0.9394033333333334
PR01961,20240627,P8,L2,12,11.065,0.018182,552,27,8,45,587,202406,0.9220833333333333,0.9645579755987348,0.9403747870528109,0.8363719999999999
PR01962,20240628,P8,L2,8,7.726,0.018182,405,16,8,0,428,202406,0.96575,1.0,0.9462616822429907,0.9138522196261682
PR01963,20240701,P8,L2,8,7.639,0.018182,398,6,7,0,411,202407,0.954875,0.9782434873674564,0.9683698296836983,0.9045545
PR01964,20240702,P8,L2,12,11.606,0.018182,611,14,7,0,631,202407,0.9671666666666666,0.988526796484577,0.9683042789223455,0.9257668333333333
PR01965,20240703,P8,L2,12,11.433,0.018182,562,9,6,0,578,202407,0.95275,0.9191984605965188,0.972318339100346,0.8515236666666666
PR01966,20240704,P8,L2,12,10.52,0.018182,530,11,9,45,550,202407,0.8766666666666666,0.9505798479087453,0.9636363636363636,0.8030383333333333
PR01967,20240706,P8,L2,16,14.853,0.018182,750,20,10,60,780,202407,0.9283125,0.9548212482326803,0.9615384615384616,0.85228125
PR01968,20240708,P8,L2,16,14.369,0.018182,751,9,11,60,772,202407,0.8980625,0.9768601851207461,0.9727979274611399,0.8534176250000001
PR01969,20240710,P8,L2,12,10.634,0.018182,524,17,5,30,546,202407,0.8861666666666667,0.9335501222493887,0.9597069597069597,0.7939473333333333
PR01970,20240711,P8,L2,16,15.929,0.018182,795,20,6,0,821,202407,0.9955625,0.9371223554523197,0.9683313032886723,0.903418125
PR01971,20240713,P8,L2,16,15.753,0.018182,756,24,14,0,794,202407,0.9845625,0.9164291246111852,0.9521410579345088,0.8590994999999999
PR01972,20240715,P8,L2,12,10.872,0.018182,549,14,6,45,569,202407,0.906,0.9515781824871229,0.9648506151142355,0.8318265
PR01973,20240716,P8,L2,16,15.793,0.018182,771,11,6,0,788,202407,0.9870625,0.9072004052428291,0.9784263959390863,0.876145125
PR01974,20240717,P8,L2,16,14.026,0.018182,745,16,5,60,766,202407,0.876625,0.9929710537573079,0.9725848563968669,0.846599375
PR01975,20240718,P8,L2,16,14.496,0.018182,736,26,12,30,774,202407,0.906,0.9708104304635761,0.9509043927648578,0.8363719999999999
PR01976,20240719,P8,L2,16,15.377,0.018182,740,38,14,30,792,202407,0.9610625,0.9364729140924758,0.9343434343434344,0.8409175000000001
PR01977,20240720,P8,L2,12,10.822,0.018182,551,29,10,60,590,202407,0.9018333333333333,0.9912566993162079,0.9338983050847458,0.8348568333333334
PR01978,20240722,P8,L2,8,6.651,0.018182,346,13,3,0,363,202407,0.831375,0.992341903473162,0.953168044077135,0.7863715
PR01979,20240723,P8,L2,12,11.982,0.018182,575,19,9,0,603,202407,0.9984999999999999,0.9150180270405609,0.9535655058043118,0.8712208333333333
PR01980,20240724,P8,L2,16,15.722,0.018182,750,31,14,0,795,202407,0.982625,0.9193925709197303,0.9433962264150944,0.85228125
PR01981,20240725,P8,L2,16,15.299,0.018182,778,24,5,0,807,202407,0.9561875,0.9590740571279169,0.9640644361833953,0.8840997500000001
PR01982,20240726,P8,L2,12,11.166,0.018182,567,22,5,0,595,202407,0.9305,0.9688599319362349,0.9529411764705882,0.8590994999999999
PR01983,20240728,P8,L2,8,7.339,0.018182,352,18,4,0,375,202407,0.917375,0.9290434664123177,0.9386666666666666,0.8000079999999999
PR01984,20240729,P8,L2,16,15.852,0.018182,776,13,15,0,804,202407,0.99075,0.9221756245268735,0.9651741293532339,0.881827
PR01985,20240730,P8,L2,16,14.965,0.018182,771,19,11,30,801,202407,0.9353125,0.9731895756765787,0.9625468164794008,0.876145125
PR01986,20240802,P8,L2,8,7.625,0.018182,382,17,6,0,406,202408,0.953125,0.9681169836065573,0.9408866995073891,0.8681905
PR01987,20240805,P8,L2,12,11.597,0.018182,559,23,7,0,589,202408,0.9664166666666666,0.9234455462619644,0.9490662139219015,0.8469781666666667
PR01988,20240806,P8,L2,8,6.723,0.018182,321,15,3,60,339,202408,0.840375,0.9168076751450246,0.9469026548672567,0.7295527500000001
PR01989,20240808,P8,L2,8,6.822,0.018182,330,15,6,30,351,202408,0.85275,0.9354854881266491,0.9401709401709402,0.7500075
PR01990,20240809,P8,L2,12,9.989,0.018182,499,24,5,45,527,202408,0.8324166666666667,0.959246571228351,0.9468690702087287,0.7560681666666665
PR01991,20240813,P8,L2,16,14.794,0.018182,738,24,4,0,767,202408,0.924625,0.9426520210896309,0.9621903520208605,0.8386447499999999
PR01992,20240814,P8,L2,16,15.689,0.018182,771,38,14,0,824,202408,0.9805625,0.9549345401236535,0.9356796116504854,0.876145125
PR01993,20240815,P8,L2,12,10.727,0.018182,511,25,8,45,544,202408,0.8939166666666667,0.922066561014263,0.9393382352941176,0.7742501666666666
PR01994,20240817,P8,L2,12,10.509,0.018182,516,19,9,60,544,202408,0.87575,0.9411940241697592,0.9485294117647058,0.7818259999999999
PR01995,20240819,P8,L2,16,15.096,0.018182,756,31,5,30,791,202408,0.9435,0.9527001854795972,0.9557522123893806,0.8590995
PR01996,20240820,P8,L2,8,7.402,0.018182,385,17,4,0,406,202408,0.92525,0.9972834369089435,0.9482758620689655,0.87500875
PR01997,20240821,P8,L2,12,10.924,0.018182,537,21,6,60,564,202408,0.9103333333333333,0.9387264738191139,0.9521276595744681,0.8136445
PR01998,20240823,P8,L2,8,7.883,0.018182,411,15,3,0,429,202408,0.985375,0.9894809082836483,0.958041958041958,0.93410025
PR01999,20240826,P8,L2,8,6.692,0.018182,347,16,4,45,366,202408,0.8365,0.9944130304841602,0.9480874316939891,0.78864425
PR02000,20240827,P8,L2,8,6.461,0.018182,315,17,4,30,336,202408,0.807625,0.945542795232936,0.9375,0.71591625
PR02001,20240828,P8,L2,16,14.438,0.018182,739,21,4,45,764,202408,0.902375,0.9621171907466407,0.9672774869109948,0.839781125
PR02002,20240829,P8,L2,16,14.299,0.018182,691,27,11,45,729,202408,0.8936875,0.9269653821945592,0.9478737997256516,0.785235125
PR02003,20240830,P8,L2,8,7.418,0.018182,377,18,2,30,397,202408,0.92725,0.9730727959018604,0.9496221662468514,0.85682675
PR02004,20240831,P8,L2,16,14.476,0.018182,704,36,5,30,745,202408,0.90475,0.9357274108869853,0.9449664429530201,0.800008
PR02005,20240902,P8,L2,12,11.493,0.018182,598,20,5,0,623,202409,0.95775,0.9855900113112329,0.9598715890850722,0.9060696666666667
PR02006,20240903,P8,L2,16,14.868,0.018182,733,14,13,45,760,202409,0.92925,0.9294000538068334,0.9644736842105263,0.832962875
PR02007,20240904,P8,L2,8,6.934,0.018182,369,7,5,30,380,202409,0.86675,0.9964176521488318,0.9710526315789474,0.83864475
PR02008,20240905,P8,L2,16,14.338,0.018182,718,14,6,45,738,202409,0.896125,0.9358568838052728,0.9728997289972899,0.81591725
PR02009,20240906,P8,L2,8,6.412,0.018182,337,6,6,60,349,202409,0.8015,0.9896316281971305,0.9656160458452722,0.76591675
PR02010,20240907,P8,L2,12,10.623,0.018182,536,6,5,30,547,202409,0.88525,0.9362283723995105,0.979890310786106,0.8121293333333333
PR02011,20240910,P8,L2,16,15.206,0.018182,746,33,11,0,790,202409,0.950375,0.944612652900171,0.9443037974683545,0.84773575
PR02012,20240911,P8,L2,16,15.417,0.018182,782,18,8,30,809,202409,0.9635625,0.9540921061166245,0.9666254635352287,0.88864525
PR02013,20240912,P8,L2,12,11.422,0.018182,588,20,3,30,610,202409,0.9518333333333334,0.9710225879880932,0.9639344262295082,0.8909180000000001
PR02014,20240913,P8,L2,16,15.145,0.018182,787,12,11,30,810,202409,0.9465625,0.9724278639815122,0.971604938271605,0.8943271250000001
PR02015,20240914,P8,L2,12,10.423,0.018182,560,6,10,60,577,202409,0.8685833333333334,1.0,0.9705372616984402,0.8429924898902369
PR02016,20240916,P8,L2,12,11.452,0.018182,549,29,4,30,582,202409,0.9543333333333334,0.9240241005937828,0.9432989690721649,0.8318265000000001
PR02017,20240918,P8,L2,12,11.419,0.018182,565,15,7,0,587,202409,0.9515833333333333,0.9346557491899465,0.9625212947189097,0.8560691666666665
PR02018,20240919,P8,L2,16,14.45,0.018182,741,37,12,60,789,202409,0.903125,0.9927749480968859,0.9391634980988594,0.8420538750000001
PR02019,20240920,P8,L2,8,6.419,0.018182,334,6,4,60,344,202409,0.802375,0.9743897803396169,0.9709302325581395,0.7590985
PR02020,20240922,P8,L2,8,6.953,0.018182,357,4,2,45,364,202409,0.869125,0.9518550266072199,0.9807692307692307,0.8113717500000001
PR02021,20240923,P8,L2,12,10.935,0.018182,559,27,8,0,594,202409,0.91125,0.9876641975308641,0.9410774410774411,0.8469781666666666
PR02022,20240924,P8,L2,8,6.953,0.018182,361,4,3,0,368,202409,0.869125,0.962314971954552,0.9809782608695652,0.82046275
PR02023,20240925,P8,L2,12,11.535,0.018182,583,19,4,0,606,202409,0.96125,0.9552052015604682,0.9620462046204621,0.8833421666666668
PR02024,20240926,P8,L2,16,14.344,0.018182,736,37,4,30,777,202409,0.8965,0.9849005856107084,0.9472329472329473,0.836372
PR02025,20240927,P8,L2,8,6.418,0.018182,307,11,3,60,321,202409,0.80225,0.9093832969772514,0.956386292834891,0.69773425
PR02026,20240930,P8,L2,12,10.81,0.018182,555,23,7,60,584,202409,0.9008333333333334,0.9822653098982423,0.9503424657534246,0.8409175
PR02027,20241001,P8,L2,12,11.758,0.018182,562,23,9,0,593,202410,0.9798333333333332,0.9169863922435789,0.9477234401349073,0.8515236666666667
PR02028,20241002,P8,L2,16,14.895,0.018182,715,25,13,30,753,202410,0.9309375,0.9191705941591138,0.949535192563081,0.812508125
PR02029,20241004,P8,L2,16,13.782,0.018182,702,14,7,45,722,202410,0.861375,0.9525035553620664,0.9722991689750693,0.79773525
PR02030,20241007,P8,L2,16,14.756,0.018182,716,14,11,60,742,202410,0.92225,0.9142751423149905,0.9649595687331537,0.8136445000000001
PR02031,20241008,P8,L2,8,7.158,0.018182,361,13,4,30,378,202410,0.89475,0.9601559094719195,0.955026455026455,0.82046275
PR02032,20241010,P8,L2,16,15.484,0.018182,767,13,6,0,786,202410,0.96775,0.9229560836993025,0.9758269720101781,0.871599625
PR02033,20241011,P8,L2,8,7.404,0.018182,355,17,2,30,374,202410,0.9255,0.9184316585629391,0.9491978609625669,0.8068262500000001
PR02034,20241014,P8,L2,16,15.783,0.018182,806,20,8,0,834,202410,0.9864375,0.9607671545333587,0.9664268585131894,0.91591825
PR02035,20241016,P8,L2,8,6.884,0.018182,347,13,2,45,363,202410,0.8605,0.9587545031958163,0.9559228650137741,0.78864425
PR02036,20241017,P8,L2,8,7.188,0.018182,369,6,4,30,379,202410,0.8985,0.9586780745687258,0.9736147757255936,0.83864475
PR02037,20241018,P8,L2,8,7.216,0.018182,368,11,5,30,385,202410,0.902,0.9700762195121951,0.9558441558441558,0.836372
PR02038,20241019,P8,L2,12,10.246,0.018182,498,18,9,0,525,202410,0.8538333333333333,0.9316367362873317,0.9485714285714286,0.7545530000000001
PR02039,20241021,P8,L2,8,6.982,0.018182,355,15,2,45,373,202410,0.87275,0.971338584932684,0.9517426273458445,0.80682625
PR02040,20241022,P8,L2,8,7.808,0.018182,385,11,7,0,403,202410,0.976,0.9384408299180329,0.9553349875930521,0.8750087500000001
PR02041,20241024,P8,L2,12,11.537,0.018182,608,8,10,0,626,202410,0.9614166666666667,0.9865590708156367,0.9712460063897763,0.9212213333333333
PR02042,20241025,P8,L2,12,11.758,0.018182,609,6,6,0,622,202410,0.9798333333333332,0.9618305834325566,0.9790996784565916,0.9227365
PR02043,20241026,P8,L2,12,10.928,0.018182,536,27,10,60,573,202410,0.9106666666666667,0.953357064421669,0.9354275741710296,0.8121293333333333
PR02044,20241028,P8,L2,12,11.612,0.018182,560,24,9,0,592,202410,0.9676666666666667,0.9269500516706856,0.9459459459459459,0.8484933333333333
PR02045,20241029,P8,L2,12,11.653,0.018182,580,14,8,0,603,202410,0.9710833333333334,0.9408517978203038,0.9618573797678275,0.8787966666666668
PR02046,20241030,P8,L2,8,7.746,0.018182,392,6,4,0,402,202410,0.96825,0.9436049573973663,0.9751243781094527,0.890918
PR02047,20241031,P8,L2,8,6.306,0.018182,301,11,2,60,314,202410,0.78825,0.9053517285125278,0.9585987261146497,0.68409775
PR02048,20241101,P8,L2,16,15.951,0.018182,785,24,5,0,815,202411,0.9969375,0.9289906588928594,0.9631901840490797,0.892054375
PR02049,20241104,P8,L2,12,11.206,0.018182,595,6,8,30,610,202411,0.9338333333333333,0.9897394253078708,0.9754098360655737,0.9015241666666667
PR02050,20241105,P8,L2,8,7.347,0.018182,351,18,6,0,376,202411,0.918375,0.9305066013338777,0.9335106382978723,0.79773525
PR02051,20241107,P8,L2,8,7.063,0.018182,352,17,4,0,373,202411,0.882875,0.9601990655528813,0.9436997319034852,0.8000079999999999
PR02052,20241109,P8,L2,12,11.708,0.018182,579,8,7,0,593,202411,0.9756666666666667,0.9209024598565084,0.9763912310286678,0.8772815
PR02053,20241110,P8,L2,16,15.32,0.018182,751,27,8,30,785,202411,0.9575,0.9316494778067885,0.956687898089172,0.8534176250000001
PR02054,20241111,P8,L2,16,15.226,0.018182,746,13,13,0,772,202411,0.951625,0.9218773151188756,0.966321243523316,0.84773575
PR02055,20241112,P8,L2,16,13.756,0.018182,715,31,10,60,756,202411,0.85975,0.9992433847048561,0.9457671957671958,0.812508125
PR02056,20241113,P8,L2,8,6.69,0.018182,332,5,6,45,344,202411,0.83625,0.9349189835575485,0.9651162790697675,0.754553
PR02057,20241114,P8,L2,16,14.461,0.018182,715,13,9,60,737,202411,0.9038125,0.9266395131733628,0.9701492537313433,0.812508125
PR02058,20241115,P8,L2,12,10.727,0.018182,512,24,4,45,540,202411,0.8939166666666667,0.9152866598303346,0.9481481481481482,0.7757653333333333
PR02059,20241116,P8,L2,12,11.519,0.018182,573,9,9,0,591,202411,0.9599166666666666,0.9328554562027953,0.9695431472081218,0.8681904999999999
PR02060,20241118,P8,L2,12,11.045,0.018182,562,17,6,45,585,202411,0.9204166666666667,0.9630122227252151,0.9606837606837607,0.8515236666666668
PR02061,20241119,P8,L2,16,15.396,0.018182,786,25,15,30,825,202411,0.96225,0.9742887763055338,0.9527272727272728,0.89319075
PR02062,20241120,P8,L2,12,11.167,0.018182,556,11,9,30,577,202411,0.9305833333333333,0.9394657472911256,0.9636048526863085,0.8424326666666667
PR02063,20241121,P8,L2,8,7.143,0.018182,354,17,4,30,374,202411,0.892875,0.9519904801903962,0.946524064171123,0.8045535
PR02064,20241122,P8,L2,16,14.704,0.018182,734,8,13,60,755,202411,0.919,0.9335833786724701,0.9721854304635762,0.8340992500000001
PR02065,20241125,P8,L2,16,15.285,0.018182,805,25,12,30,842,202411,0.9553125,1.0,0.9560570071258907,0.9133332096199525
PR02066,20241126,P8,L2,12,11.82,0.018182,619,7,10,0,636,202411,0.985,0.9783208121827411,0.9732704402515723,0.9378881666666666
PR02067,20241127,P8,L2,8,6.877,0.018182,364,11,4,60,378,202411,0.859625,0.9993886869274393,0.9629629629629629,0.8272809999999999
PR02068,20241129,P8,L2,8,7.358,0.018182,378,11,5,0,394,202411,0.91975,0.9735944550149497,0.9593908629441624,0.8590994999999999
PR02069,20241201,P8,L2,16,14.417,0.018182,742,24,8,60,775,202412,0.9010625,0.9773912741901922,0.9574193548387097,0.84319025
PR02070,20241202,P8,L2,12,11.291,0.018182,588,15,11,30,613,202412,0.9409166666666667,0.9871194756886016,0.9592169657422512,0.8909180000000001
PR02071,20241203,P8,L2,8,6.564,0.018182,333,5,3,60,342,202412,0.8205,0.9473254113345522,0.9736842105263158,0.7568257500000001
PR02072,20241204,P8,L2,12,10.669,0.018182,531,20,4,60,555,202412,0.8890833333333333,0.9458252882182023,0.9567567567567568,0.8045535000000001
PR02073,20241205,P8,L2,8,7.357,0.018182,369,7,7,0,383,202412,0.919625,0.9465415250781568,0.9634464751958225,0.83864475
PR02074,20241206,P8,L2,16,15.949,0.018182,769,35,5,0,809,202412,0.9968125,0.9222671013856669,0.9505562422744128,0.873872375
PR02075,20241209,P8,L2,12,11.671,0.018182,557,23,8,0,588,202412,0.9725833333333332,0.9160325593351041,0.9472789115646258,0.8439478333333332
PR02076,20241210,P8,L2,12,10.956,0.018182,528,24,4,60,556,202412,0.9129999999999999,0.9227082876962396,0.9496402877697842,0.800008
PR02077,20241211,P8,L2,16,15.078,0.018182,782,27,11,30,820,202412,0.942375,0.9888075341557236,0.9536585365853658,0.8886452499999999
PR02078,20241212,P8,L2,12,11.887,0.018182,585,27,8,0,620,202412,0.9905833333333334,0.9483334735425254,0.9435483870967742,0.8863725000000001
PR02079,20241213,P8,L2,8,7.321,0.018182,381,6,5,30,392,202412,0.915125,0.9735478759732277,0.9719387755102041,0.86591775
PR02080,20241216,P8,L2,8,6.223,0.018182,302,8,5,45,315,202412,0.777875,0.9203487064116986,0.9587301587301588,0.6863705000000001
PR02081,20241217,P8,L2,16,15.789,0.018182,764,25,9,0,798,202412,0.9868125,0.9189458483754512,0.9573934837092731,0.8681905
PR02082,20241218,P8,L2,8,7.894,0.018182,404,15,3,0,422,202412,0.98675,0.9719792247276412,0.957345971563981,0.918191
PR02083,20241219,P8,L2,16,15.36,0.018182,802,28,7,30,837,202412,0.96,0.990776953125,0.9581839904420549,0.91137275
PR02084,20241220,P8,L2,12,10.63,0.018182,525,19,3,60,547,202412,0.8858333333333334,0.9356118532455314,0.9597806215722121,0.7954625
PR02085,20241223,P8,L2,8,6.415,0.018182,331,3,4,0,338,202412,0.801875,0.9579915822291504,0.9792899408284024,0.75228025
PR02086,20241224,P8,L2,16,15.354,0.018182,751,20,15,0,785,202412,0.959625,0.9295864269897096,0.956687898089172,0.8534176250000001
PR02087,20241225,P8,L2,8,7.771,0.018182,403,11,5,0,419,202412,0.971375,0.9803446145927165,0.9618138424821002,0.9159182499999999
PR02088,20241226,P8,L2,16,15.817,0.018182,802,30,13,0,845,202412,0.9885625,0.9713466523360941,0.9491124260355029,0.91137275
PR02089,20241227,P8,L2,16,13.729,0.018182,692,19,9,60,720,202412,0.8580625,0.953531939689708,0.9611111111111111,0.7863715
PR02090,20241230,P8,L2,8,7.245,0.018182,383,10,4,30,397,202412,0.905625,0.9963083505866114,0.964735516372796,0.87046325
PR02091,20241231,P8,L2,12,11.034,0.018182,524,27,4,30,555,202412,0.9195000000000001,0.9145377922784121,0.9441441441441442,0.7939473333333334
